id	IDSendungname	Länge	Serie	Sendezeit	Titel	Description	Sender	MO	DI	MI	DO	FR	SA	SO	Filename	Bild
1	SoWieIhrGebt	00:32:00	MED	27.04.2026 00:00:00	So wie ihr gebt, so wird euch gegeben	Gebetsmeditation, gegeben von Gabriele, der Prophetin und Botschafterin des Ewigen Reiches, am 08.11.2002.	SNJ	False	False	False	False	False	False	False	DE_MED_CHSoWieIhrGebt_NAE2_16zu9.mpg	So wie ihr gebt.jpg
7	FGE VerbindeSei 16 ABB	00:06:30	GR-ALLG	27.04.2026 00:50:00	Freie Gemeinschaften - Verbinde und Sei: Lass nicht los!	Kurzsendung unter dem Motto „Wir sind die Freien Gemeinschaften – verbinde und sei“, heute unter anderem zum Thema „Lass nicht los!“	SNJ	False	False	False	False	False	False	False	DE_FGE_Les_16LassNichtLos_16zu9.mpg	FGE VerbindeSei.jpg
11	InnereAndacht 02 A	00:57:30	MED	27.04.2026 01:00:00	Innere Andacht	Originalaufzeichnung aus der Schulungsreihe "Die großen kosmischen Lehren des Jesus von Nazareth an Seine Apostel und Jünger, die es fassen konnten", Folge 2: Gott ist - und wir sind göttlich.	SNJ	False	False	False	False	False	False	False	DE_MED_InnereAndacht_02_NeuAltErsetzen_Musik_16zu9.mpg	InnereAndacht.jpg
18	JugendProphet 06 A	00:20:30	LES	27.04.2026 02:05:00	Der Jugendliche und der Prophet (6)	Lesung aus einem Gespräch mit Gabriele, der Prophetin und Botschafterin des Ewigen Reiches, Folge 6	SNJ	False	False	False	False	False	False	False	DE_LES_JugendProphet_06_2025_16zu9.mpg	JugendProphet.jpg
27	ErlangeGotteserfahrung UT	00:19:30	MED	27.04.2026 02:35:00	Erlange Gotteserfahrung	Meditation zur Verinnerlichung für ein bewusstes Leben, gegeben von Gabriele, der Prophetin und Botschafterin des Ewigen Reiches. Mit Untertiteln	SNJ	False	False	False	False	False	False	False	DE_MED_ErlangeGotteserfahrung_UT_NAE.mpg	ErlangeGotteserfahrung.jpg
31	Landwirtschaft	00:32:30	GR-ALLG	27.04.2026 03:00:00	Die neue Landwirtschaft	Gesprächsrunde mit dem Thema "Die neue Landwirtschaft im Zeichen des messianischen, sophianischen Jesaja-Landes im Tatwerk der Gottes- und Nächstenliebe", aus dem Füllhorn der göttlichen Weisheit, gegeben im Februar 2022	SNJ	False	False	False	False	False	False	False	DE_GR-SON_Landwirtschaft_16zu9.mpg	Landwirtschaft.jpg
37	Brache	00:18:00	REP	27.04.2026 03:40:30	Eine neue Landwirtschaft für die Neue Zeit	Dokumentation über eine neue Landwirtschaft im Einklang mit der Natur. Heute: Die Brache -  gesunder Boden, gesunde Früchte	SNJ	False	False	False	False	False	False	False	DE_DOK_LandBrache_NAE1_16zu9.mpg	Brache.jpg
45	FestFamilieOstern26	01:03:30	GR-ALLG	27.04.2026 04:05:00	Christus, der Auferstandene, kam aus Liebe zur ganzen Schöpfung	Fest der Familie Gottes auf Erden - eine Aufzeichnung aus der Sophia-Bibliothek, dem Zentrum des Freien Geistes für alle Kulturen weltweit, an Ostern 2026	SNJ	False	False	False	False	False	False	False	DE_SON_Ostern26_NAE.mpg	FestFamilieApr26.jpg
50	Sternstunden 17 UT A 	00:30:30	MED	27.04.2026 05:20:00	Innere Sicherheit und Geborgenheit	Meditation zur Verinnerlichung und Gesundung, Sternstunden mit Gabriele vom 03.01.2003. Mit Untertiteln	SNJ	False	False	False	False	False	False	False	DE_MED_Stern_017_InnereSicherhei_UT.mpg	Sternstunden.jpg
58	IhreGedanken 08 1Mo	00:11:00	MED-TAG	27.04.2026 06:00:00	Ihre Gedanken sind Ihr Tag	Bildmeditation als Richtschnur für den Tag, heute mit dem Leitgedanken: Jedem Gedanken, der immer wieder genährt wird, geben Sie Zeit zur Reife mit (8a).	SNJ	False	False	False	False	False	False	False	DE_GH_Woche08Montag_001_16zu9.mpg	IhreGedanken.jpg
65	Medikurs1 07	00:21:00	MED	27.04.2026 06:20:30	Urchristlich Meditieren	Meditation aus dem Geiste Gottes, gegeben von Gabriele. Zwölfteiliger erster Schulungszyklus, Folge 7: Das Licht Gottes durchstrahlt mich.	SNJ	False	False	False	False	False	False	False	DE_MED_Kurs1DasLichtGottes_007_16zu9.mpg	Medikurs.JPG
69	BaueDieBrücke UT	00:31:00	MED	27.04.2026 06:50:00	Baue die Brücke zu Christus	Meditation zur Verinnerlichung für ein bewusstes Leben, gegeben von Gabriele, der Prophetin und Botschafterin des Ewigen Reiches, am 23.01.2004. Mit Untertiteln	SNJ	False	False	False	False	False	False	False	DE_MED_CHBruecke_UT_NAE1_16zu9.mpg	BaueDieBruecke.JPG
79	IhreGedanken 08 1Mo	00:11:00	MED-TAG	27.04.2026 07:40:30	Ihre Gedanken sind Ihr Tag	Bildmeditation als Richtschnur für den Tag, heute mit dem Leitgedanken: Jedem Gedanken, der immer wieder genährt wird, geben Sie Zeit zur Reife mit (8a).	SNJ	False	False	False	False	False	False	False	DE_GH_Woche08Montag_001_16zu9.mpg	IhreGedanken.jpg
88	SchuleLeben 06 A	00:46:30	GR-LEB	27.04.2026 08:00:30	Die wahre Schule ist das Leben	Lehrstunden aus der göttlichen Weisheit - heute mit dem Thema: Lerne mit der Natur und den Tieren zu leben, dann lernst du dich besser verstehen und auch deinen Nächsten.	SNJ	False	False	False	False	False	False	False	DE_DWS_06NaturUndtiere_NAE_16zu9.mpg	SchuleLeben 02.jpg
92	ImGespräch 10	00:57:30	GR-ALLG	27.04.2026 09:00:00	Im Gespräch mit... zum Thema: "Artenvielfalt retten - wie?"	Im Interview kommen namhafte Experten zu Wort. Heute: Prof. Peter Berthold, Ornithologe, zum Thema: "Artenvielfalt retten - wie?"	SNJ	False	False	False	False	False	False	False	DE_GR_GesprBerthold2022_NAE_16zu9.mpg	ImGespraech-06.jpg
94	FestFamilieOstern26	01:03:30	GR-ALLG	27.04.2026 10:00:00	Christus, der Auferstandene, kam aus Liebe zur ganzen Schöpfung	Fest der Familie Gottes auf Erden - eine Aufzeichnung aus der Sophia-Bibliothek, dem Zentrum des Freien Geistes für alle Kulturen weltweit, an Ostern 2026	SNJ	False	False	False	False	False	False	False	DE_SON_Ostern26_NAE.mpg	FestFamilieApr26.jpg
99	UrchristlicherStrom 02 A	00:54:30	GR-ALLG	27.04.2026 11:15:00	Das prophetische Wort im urchristlichen Strom - heute und zu allen Zeiten	Gesprächsrunde zum Thema "Das prophetische Wort im urchristlichen Strom - heute und zu allen Zeiten und der Versuch der Ausmerzung der Urgemeinden, der Nachfolger des Jesus von Nazareth" Teil 2	SNJ	False	False	False	False	False	False	False	DE_SON_UrchristlicherStrom_02_16zu9.mpg	UrchristlicherStrom.jpg
104	FGE VerbindeSei 13 ABB	00:07:00	GR-ALLG	27.04.2026 12:15:00	Freie Gemeinschaften - Verbinde und Sei: Lebe den Augenblick - und Du siehst und erkennst Dich	Kurzsendung unter dem Motto „Wir sind die Freien Gemeinschaften – verbinde und sei“, heute unter anderem zum Thema „Lebe den Augenblick - und Du siehst und erkennst Dich“	SNJ	False	False	False	False	False	False	False	DE_FGE_Les_13LebeAugenblick_16zu9.mpg	FGE VerbindeSei.jpg
107	InnererWeg 15	00:29:30	GR-LEB	27.04.2026 12:25:00	Der Innere Weg zum kosmischen Bewusstsein	Lesung über den Christus-Gottes-Weg, hin zu einer höheren Kultur und einem friedvollen Menschentum. Mit praktischen Übungen. Heute: Grundstufe der Ordnung - Folge 15: Pläne in den Willen Gottes stellen.	SNJ	False	False	False	False	False	False	False	DE_GR-IW_InnererWeg2021_15_16zu9.mpg	InnererWeg.jpg
114	Gabriele Mär26 	00:22:30	OFF	27.04.2026 13:00:00	Das Wort des Seraphs der göttlichen Weisheit an die Menschheit, gegeben im März 2026	Der Seraph der göttlichen Weisheit offenbarte sich in der Stammgemeinde des Herrn für den Aufbau des Friedensreiches des Christus Gottes im März 2026, dem Jahr 3 des messianischen, sophianischen Zeitalters 	SNJ	False	False	False	False	False	False	False	DE_OFF_GabrieleMaerz26_16zu9.mpg	Pfingstoff-2009.jpg
118	Gemeinschaften 12 A	00:14:00	GR-ALLG	27.04.2026 13:30:30	Die freien Gemeinschaften im Zeichen der Lilie	Schulung für die freien Gemeinschaften im Zeichen der Lilie, heute zum Thema: Leben ist Evolution. 	SNJ	False	False	False	False	False	False	False	DE_FGE_Gemeinschaften_12_16zu9.mpg	Gemeinschaften.jpg
125	IchKommeBald	01:25:00	LILIE	27.04.2026 14:00:00	Ich komme bald! Ich Bin der Christus Gottes	Das Lilienzeitalter, das messianische, sophianische Zeitalter. Offenbarung des Christus Gottes durch die Prophetin und Botschafterin des Ewigen Reiches Gabriele. Gegeben im Frühjahr 2019	SNJ	False	False	False	False	False	False	False	DE_LILIE_IchKommeBald_16zu9.mpg	IchKommeBald1.jpg
128	FestFamilieOstern26	01:03:30	GR-ALLG	27.04.2026 15:30:30	Christus, der Auferstandene, kam aus Liebe zur ganzen Schöpfung	Fest der Familie Gottes auf Erden - eine Aufzeichnung aus der Sophia-Bibliothek, dem Zentrum des Freien Geistes für alle Kulturen weltweit, an Ostern 2026	SNJ	False	False	False	False	False	False	False	DE_SON_Ostern26_NAE.mpg	FestFamilieApr26.jpg
133	Ruf 7 SchleusenGeöffnet	00:17:30	SON	27.04.2026 16:45:00	Der Ruf: Die Schleusen sind geöffnet	Bebilderter Ruf, gegeben von Gabriele, der Prophetin und Botschafterin des Ewigen Reiches: Die Schleusen sind geöffnet.	SNJ	False	False	False	False	False	False	False	DE_SON_RufGabi4SchleisenGeoffnet_16zu9.mpg	Ruf-7.jpg
138	BändeEwigesReich 01 A	00:42:00	LES	27.04.2026 17:10:00	Das Ewige Reich "Wer Mich kennt, der geht an Meiner Hand"	Christus-Offenbarungen aus dem Jahr 1991, gegeben durch die Botschafterin des Ewigen Reiches, Gabriele. Lesung aus dem Zelt Gottes für alle Menschen.	SNJ	False	False	False	False	False	False	False	DE_LES_ZeltOFFEwigesReich_01_16zu9.mpg	BändeEwigesReich 01.jpg
148	SaatUErnte2 2KiZ	00:10:30	KIND	27.04.2026 18:00:55	Liobani - Die Schule für Neu Jerusalem II	In der Sendereihe für Kinder und Eltern "Liobani - Die Schule für Neu Jerusalem, für eine andere Zeit im Zeichen des Christus Gottes der Gottes- und Nächstenliebe" geht es heute um das Thema "Die positiven Gedankenkräfte", aus dem zweiten Band von Liobani.	SNJ	False	False	False	False	False	False	False	DE_LIOS_2Kiz-04SaatUErnte2_NAE_16zu9.mpg	Liobanischule.jpg
149	GeistigeSchule 2KiZ	00:11:30	KIND	27.04.2026 18:12:00	Liobani - Die Schule für Neu Jerusalem II	Folge 02: Die geistige und die irdische Schule	SNJ	False	False	False	False	False	False	False	DE_LIOS_2KiZ-02GeistigeSchule_16zu9.mpg	Liobanischule.jpg
152	SeeleNachtReise 3KiZ	00:12:00	KIND	27.04.2026 18:27:00	Liobani - Die Schule für Neu Jerusalem III	In der Sendereihe für Kinder und Eltern "Liobani - Die Schule für Neu Jerusalem, für eine andere Zeit im Zeichen des Christus Gottes der Gottes- und Nächstenliebe" geht es heute um das Thema "Die Seele geht nachts auf Reisen", aus dem dritten Band von Liobani.	SNJ	False	False	False	False	False	False	False	DE_LIOS_3KiZ-03SeeleNachtsReise_16zu9.mpg	Liobanischule.jpg
161	GroßeGeister 05	00:06:00	MED	27.04.2026 18:55:00	Was sagen große Geister 	Zitate berühmter Persönlichkeiten und philosophischer Denker über die Tiere und die Natur (5) Immanuel Kant, Isaac Bashevis Singer, Albert Schweitzer, Bertha von Suttner, Luise Rinser	SNJ	False	False	False	False	False	False	False	DE_MED_WasSagenGroßeGeisterTiere_005_16zu9.mpg	GroßeGeister.jpg
162	LassDichFühren 03 A	00:28:30	LES	27.04.2026 19:00:30	Die Neue Zeit - ein höheres Bewusstsein? Tue nichts Böses, dann widerfährt dir nichts Böses! Lass Dich führen! (3)	Lesung aus dem gleichnamigen Buch von Gabriele, der Prophetin und Botschafterin des Ewigen Reiches, Folge 3	SNJ	False	False	False	False	False	False	False	DE_LES_LassDichfuehren_03_16zu9.mpg	LassDichführen.jpg
168	Zuversicht UT 4	00:21:00	MED	27.04.2026 19:35:00	Wollen wir die Welt verändern, dann müssen wir uns selbst verändern	Meditative Lesung aus dem Buch "Zuversicht" von Gabriele. Mit Untertiteln	SNJ	False	False	False	False	False	False	False	DE_MED_Zuversicht_04_UT_NEU_16zu9.mpg	Zuversicht.jpg
171	FestFamilieOstern26	01:03:30	GR-ALLG	27.04.2026 20:00:30	Christus, der Auferstandene, kam aus Liebe zur ganzen Schöpfung	Fest der Familie Gottes auf Erden - eine Aufzeichnung aus der Sophia-Bibliothek, dem Zentrum des Freien Geistes für alle Kulturen weltweit, an Ostern 2026	SNJ	False	False	False	False	False	False	False	DE_SON_Ostern26_NAE.mpg	FestFamilieApr26.jpg
176	InnereLeben	00:12:00	MED	27.04.2026 21:15:00	Das Innere Leben ist der Geist	Meditation zur Verinnerlichung für ein bewusstes Leben, gegeben von Gabriele.	SNJ	False	False	False	False	False	False	False	DE_MED_DasInnereLeben_NeuAltErsetzen_16zu9.mpg	InnereLeben.jpg
183	FGE Rückmeldungen 08	00:16:30	GR-ALLG	27.04.2026 21:35:00	Wir lesen... hörst du zu? Mitfühlen, miterleben... Junge Leute auf dem Weg zu Christus	Rückmeldungen von jungen Menschen aus aller Welt auf dem Weg zu Christus	SNJ	False	False	False	False	False	False	False	DE_FGE_RueckmeldungJugend_08_16zu9.mpg	FGE Rückmeldungen 1.jpg
193	GPH06 BejahtDGesund CM	00:59:30	OFF	27.04.2026 22:05:00	Ihre Andacht, der freie Geist des Christus Gottes	Der Christus Gottes offenbarte sich durch Seine Prophetin Gabriele am 07.02.1993 - Göttliches Prophetisches Heilen: Bejaht die Gesundheit und lebt entsprechend.	SNJ	False	False	False	False	False	False	False	DE_OFF_GPH06BejahtDieGesund_1993-02-07_ChMorse_16zu9.mpg	GPH_2.jpg
197	UrchristenBetenOrte mAdr	00:13:00	GR-ALLG	27.04.2026 23:15:00	Urchristen weltweit verbinden sich zum gemeinsamen Gebet für den Frieden	Urchristen weltweit verbinden sich zum gemeinsamen Gebet für den Frieden	SNJ	False	False	False	False	False	False	False	DE_SON_Gebet_Papyrus_Kurz_NAE13_MitAdresse_16zu9.mpg	Ruf-2.jpg
199	Bergpredigt 05 A	00:21:00	LES	27.04.2026 23:30:30	Die Bergpredigt des Jesus von Nazareth	Lesung aus dem Buch "Das ist Mein Wort - Alpha und Omega - Das Evangelium Jesu". Die Folge 5 beginnt mit der Überschrift "Binde dich nicht an Menschen oder Dinge".	SNJ	False	False	False	False	False	False	False	DE_LES_Bergpredigt_05_16zu9.mpg	Bergpredigt-01.jpg
208	Blühstreifen	00:17:00	REP	28.04.2026 00:00:00	Eine neue Landwirtschaft für die Neu Zeit	Dokumentation über eine neue Landwirtschaft im Einklang mit der Natur. Heute: Blühende Felder voller Leben!	SNJ	False	False	False	False	False	False	False	DE_DOK_LandBluehstreifen_NAE2_16zu9.mpg	Landwirtschaft.jpg
215	GottGegenwLicht UT	00:25:30	MED	28.04.2026 00:25:00	Gott ist gegenwärtiges Licht 	Meditation zur Verinnerlichung für ein bewusstes Leben, gegeben von Gabriele, der Prophetin und Botschafterin des Ewigen Reiches. Mit Untertiteln	SNJ	False	False	False	False	False	False	False	DE_MED_GottGegenwLicht_UT_NAE.mpg	GottGegwLicht.jpg
220	SchuleLeben 05 A	00:26:30	GR-LEB	28.04.2026 01:00:30	Die wahre Schule ist das Leben	Lehrstunden aus der göttlichen Weisheit - heute mit dem Thema: Meine Gedanken, die Siedler	SNJ	False	False	False	False	False	False	False	DE_DWS_05GedankenSiedler_16zu9.mpg	SchuleLeben 02.jpg
229	Ruf 8 WorteFürDasLeben	00:13:00	SON	28.04.2026 01:40:30	Der Ruf des Christus-Gottes: Worte für das Leben	Bebilderter Ruf des Christus-Gottes, gegeben von Gabriele, der Prophetin und Botschafterin des Ewigen Reiches: Worte für das Leben.	SNJ	False	False	False	False	False	False	False	DE_SON_GabiRuf8WorteFuerDasLeben_16zu9.mpg	Ruf-8.jpg
233	FestFamilieOstern26	01:03:30	GR-ALLG	28.04.2026 02:00:00	Christus, der Auferstandene, kam aus Liebe zur ganzen Schöpfung	Fest der Familie Gottes auf Erden - eine Aufzeichnung aus der Sophia-Bibliothek, dem Zentrum des Freien Geistes für alle Kulturen weltweit, an Ostern 2026	SNJ	False	False	False	False	False	False	False	DE_SON_Ostern26_NAE.mpg	FestFamilieApr26.jpg
238	Sternstunden 08 A	00:38:00	MED	28.04.2026 03:15:00	Unser physischer Leib: der Mikrokosmos im Makrokosmos	Meditation zur Verinnerlichung und Gesundung, Sternstunden mit Gabriele vom 06.09.2002.	SNJ	False	False	False	False	False	False	False	DE_MED_SternPhysischerLeib_008_16zu9.mpg	Sternstunden-08.jpg
242	StummeBitten	00:10:00	LES	28.04.2026 04:00:00	Stumme Bitten	Lesung einer Tiergeschichte von Manfred Kyber 	SNJ	False	False	False	False	False	False	False	DE_LES_StummeBitten_16zu9.mpg	StummeBitten.jpg
248	UrchristlicherStrom 01 A	00:53:00	GR-ALLG	28.04.2026 04:15:00	Das prophetische Wort im urchristlichen Strom - heute und zu allen Zeiten	Gesprächsrunde zum Thema "Das prophetische Wort im urchristlichen Strom - heute und zu allen Zeiten und der Versuch der Ausmerzung der Urgemeinden, der Nachfolger des Jesus von Nazareth" Teil 1	SNJ	False	False	False	False	False	False	False	DE_SON_UrchristlicherStrom_01_NAE_16zu9.mpg	UrchristlicherStrom.jpg
255	InnererWeg 15	00:29:30	GR-LEB	28.04.2026 05:25:00	Der Innere Weg zum kosmischen Bewusstsein	Lesung über den Christus-Gottes-Weg, hin zu einer höheren Kultur und einem friedvollen Menschentum. Mit praktischen Übungen. Heute: Grundstufe der Ordnung - Folge 15: Pläne in den Willen Gottes stellen.	SNJ	False	False	False	False	False	False	False	DE_GR-IW_InnererWeg2021_15_16zu9.mpg	InnererWeg.jpg
262	IhreGedanken 08 2Di	00:11:00	MED-TAG	28.04.2026 06:00:00	Ihre Gedanken sind Ihr Tag	Bildmeditation als Richtschnur für den Tag, heute mit dem Leitgedanken: Bahnen Sie Ihrer Seele die Wege in höhere Reiche (8b).	SNJ	False	False	False	False	False	False	False	DE_GH_Woche08Dienstag_002_NEU3_16zu9.mpg	IhreGedanken.jpg
270	Medikurs1 07	00:21:00	MED	28.04.2026 06:20:00	Urchristlich Meditieren	Meditation aus dem Geiste Gottes, gegeben von Gabriele. Zwölfteiliger erster Schulungszyklus, Folge 7: Das Licht Gottes durchstrahlt mich.	SNJ	False	False	False	False	False	False	False	DE_MED_Kurs1DasLichtGottes_007_16zu9.mpg	Medikurs.JPG
277	VaterUnser A	00:30:30	MED	28.04.2026 06:50:30	Das "Vater Unser"	Meditation, die zu einem tieferen Verständnis dieses Gebetes führt, von Gabriele, der Prophetin und Botschafterin des Ewigen Reiches.	SNJ	False	False	False	False	False	False	False	DE_MED_VaterUnserN_NeuAltErsetzen3_16zu9.mpg	VaterUnser.JPG
282	FGE VerbindeSei 15 ABB	00:06:30	GR-ALLG	28.04.2026 07:30:00	Freie Gemeinschaften - Verbinde und Sei: Lebensperlen für Sie	Kurzsendung unter dem Motto „Wir sind die Freien Gemeinschaften – verbinde und sei“, heute unter anderem zum Thema „Lebensperlen für Sie“	SNJ	False	False	False	False	False	False	False	DE_FGE_Les_15Perlenfischerin_16zu9.mpg	FGE VerbindeSei.jpg
285	IhreGedanken 08 2Di	00:11:00	MED-TAG	28.04.2026 07:40:00	Ihre Gedanken sind Ihr Tag	Bildmeditation als Richtschnur für den Tag, heute mit dem Leitgedanken: Bahnen Sie Ihrer Seele die Wege in höhere Reiche (8b).	SNJ	False	False	False	False	False	False	False	DE_GH_Woche08Dienstag_002_NEU3_16zu9.mpg	IhreGedanken.jpg
292	Christus Ostern25	00:25:30	OFF	28.04.2026 08:00:00	Das Wort des Christus Gottes an die Menschheit, gegeben an Ostern 2025	Der Christus Gottes offenbarte sich in der Stammgemeinde des Herrn für den Aufbau des Friedensreiches des Christus Gottes an Ostern 2025, dem Jahr 2 des messianischen, sophianischen Zeitalters 	SNJ	False	False	False	False	False	False	False	DE_OFF_ChristusOstern25_NAE_16zu9.mpg	Pfingstoff-2009.jpg
296	Gemeinschaften 13 A	00:15:30	GR-ALLG	28.04.2026 08:35:00	Die freien Gemeinschaften im Zeichen der Lilie	Schulung für die freien Gemeinschaften im Zeichen der Lilie, heute zum Thema: Wo immer ihr versammelt seid	SNJ	False	False	False	False	False	False	False	DE_FGE_Gemeinschaften_13_16zu9.mpg	Gemeinschaften.jpg
305	Evolutionswiege 2	01:18:00	LILIE	28.04.2026 09:00:30	Die vier Entwicklungsebenen, die Evolutionswiege zur Kindschaft Gottes (2)	Das Lilienzeitalter, das messianische, sophianische Zeitalter. Offenbarung des Cherubs der göttlichen Weisheit durch die Prophetin und Botschafterin des Ewigen Reiches Gabriele. Gegeben im Mai 2019	SNJ	False	False	False	False	False	False	False	DE_LILIE_Evolutionswiege_02_16zu9.mpg	Lilienzeitalter.jpg
309	FindePositiveNächsten	00:26:30	MED	28.04.2026 10:25:00	Finde und bejahe das Positive in Deinem Nächsten	Meditation zur Verinnerlichung für ein bewusstes Leben, gegeben von Gabriele, der Prophetin und Botschafterin des Ewigen Reiches, am 04.02.2005.	SNJ	False	False	False	False	False	False	False	DE_MED_FindePositiveNaechst_NeuAltErsetzen2_16zu9.mpg	FindePositiveImNächsten.jpg
314	Fatalist	01:11:00	GR-ALLG	28.04.2026 11:00:00	Der Glaubende - ein Fatalist	Was hat Glauben mit Fatalismus zu tun? Die Sendung stellt kritische Fragen an jeden Einzelnen und gibt Antworten zu diesem Thema, basierend auf einem Gespräch mit Gabriele, der Prophetin und Botschafterin des Ewigen Reiches, im Juni 2020.	SNJ	False	False	False	False	False	False	False	DE_SON_GlaubendeFatalist_16zu9.mpg	Fatalist.jpg
324	BotschaftAll 05 A	00:24:30	LES	28.04.2026 12:30:00	Das Ewige Reich "Nützet die kostbare Zeit"	Lesung einer Offenbarung des Christus Gottes, gegeben durch Gabriele, die Prophetin und Botschafterin des Ewigen Reiches am 04.03.1988 in Würzburg. 	SNJ	False	False	False	False	False	False	False	DE_LES_ZeltOFFBaendeEwigesReich_05_OT_16zu9.mpg	BotschaftAusDemAll 01.JPG
331	LassDichFühren 02 A	00:30:00	LES	28.04.2026 13:00:00	Die Neue Zeit - ein höheres Bewusstsein? Tue nichts Böses, dann widerfährt dir nichts Böses! Lass Dich führen!	Lesung aus dem gleichnamigen Buch von Gabriele, der Prophetin und Botschafterin des Ewigen Reiches, Folge 2	SNJ	False	False	False	False	False	False	False	DE_LES_LassDichfuehren_02_Neu_16zu9.mpg	LassDichführen.jpg
336	Zuversicht UT 3	00:19:30	MED	28.04.2026 13:35:00	Sammle immer wieder aufs Neue deine positiven Gedanken	Meditative Lesung aus dem Buch "Zuversicht" von Gabriele. Mit Untertiteln	SNJ	False	False	False	False	False	False	False	DE_MED_Zuversicht_03_UT_NEU_16zu9.mpg	Zuversicht.jpg
341	Evolutionswiege 1	00:56:00	LILIE	28.04.2026 14:00:30	Die vier Entwicklungsebenen, die Evolutionswiege zur Kindschaft Gottes (1)	Das Lilienzeitalter, das messianische, sophianische Zeitalter. Autobiographische Einblicke in den Werdegang der Prophetin und Botschafterin Gottes Gabriele. Gegeben im Mai 2019	SNJ	False	False	False	False	False	False	False	DE_LILIE_Evolutionswiege_01_16zu9.mpg	Lilienzeitalter.jpg
344	GPH05 EinzigeHirte CM	00:54:30	OFF	28.04.2026 15:05:00	Ihre Andacht, der freie Geist des Christus Gottes	Der Christus Gottes offenbarte sich durch Seine Prophetin Gabriele am 24.01.1993 - Göttliches Prophetisches Heilen: Ich Bin der einzige Hirte. Zweifle nicht - jeder Zweifel führt dich wieder zu weiteren Sünden.	SNJ	False	False	False	False	False	False	False	DE_OFF_GPH05EinzigHirte_1993-01-24_ChMorse_16zu9.mpg	GPH_2.jpg
350	FestFamilieOstern26	01:03:30	GR-ALLG	28.04.2026 16:15:00	Christus, der Auferstandene, kam aus Liebe zur ganzen Schöpfung	Fest der Familie Gottes auf Erden - eine Aufzeichnung aus der Sophia-Bibliothek, dem Zentrum des Freien Geistes für alle Kulturen weltweit, an Ostern 2026	SNJ	False	False	False	False	False	False	False	DE_SON_Ostern26_NAE.mpg	FestFamilieApr26.jpg
355	Bergpredigt 04 A	00:26:00	LES	28.04.2026 17:30:00	Die Bergpredigt des Jesus von Nazareth	Lesung aus dem Buch "Das ist Mein Wort - Alpha und Omega - Das Evangelium Jesu". Die Folge 4 beginnt mit dem Thema "Versöhne dich mit deinem Nächsten".	SNJ	False	False	False	False	False	False	False	DE_LES_Bergpredigt_04_16zu9.mpg	Bergpredigt-02.jpg
361	Handschreiben 01	00:38:00	KIND	28.04.2026 18:00:55	Liobanischule - Heute lernen wir lvon Hand schreiben	Diese Sendereihe aus der Liobanischule richtet sich an Kinder und lehrt spielerisch das Schreiben von Hand, heute die Folge 1: U-h-u	SNJ	False	False	False	False	False	False	False	DE_GEKK_HandSchreiben_01_16zu9.mpg	VonHandschreiben.jpg
370	GroßeGeister 08	00:06:00	MED	28.04.2026 18:55:00	Was sagen große Geister 	Zitate berühmter Persönlichkeiten und philosophischer Denker über die Tiere und die Natur (8) Leonard Nelson, Pythagoras, George Bernhard Shaw, Albert Einstein, Leonardo da Vinci	SNJ	False	False	False	False	False	False	False	DE_MED_WasSagenGroßeGeisterTiere_008_NEU_16zu9.mpg	GroßeGeister.jpg
371	Christus Weihnachten25	00:30:00	OFF	28.04.2026 19:00:00	Das Wort des Christus Gottes an die Menschheit, gegeben an Weihnachten 2025	Der Christus Gottes offenbarte sich beim Fest der Familie Gottes auf Erden - Urchristliches Weihnachten am 24. Dezember 2025, dem Jahr 2 des messianischen, sophianischen Zeitalters 	SNJ	False	False	False	False	False	False	False	DE_OFF_ChristusWeihnachten2025_16zu9.mpg	Pfingstoff-2009.jpg
374	ChristusSeelenarzt UT A	00:16:30	MED	28.04.2026 19:35:00	Christus in uns, der Seelenarzt	Gebetsmeditation, gegeben von Gabriele, der Prophetin und Botschafterin des Ewigen Reiches, am 08.06.2007. Mit Untertiteln	SNJ	False	False	False	False	False	False	False	DE_MED_CH249Seelenarzt_UT_NAE.mpg	ChristusSeelenarzt.jpg
382	MachtDerLiebe	01:12:00	LES	28.04.2026 20:00:00	Ich bete an die Macht der Liebe	Lesung einer Christus-Offenbarung aus dem Ewigen Reich durch die Prophetin und Botschafterin des Ewigen Reiches Gabriele im September 2021	SNJ	False	False	False	False	False	False	False	DE_LES_MachtDerLiebe_NAE1_NEU_16zu9.mpg	MachtDerLiebe.jpg
386	UnsereHeimat UT	00:33:30	MED	28.04.2026 21:20:00	Unsere Heimat im reinen Sein	Meditation zur Verinnerlichung für ein bewusstes Leben, gegeben von Gabriele, der Prophetin und Botschafterin des Ewigen Reiches, am 11.12.1992. Mit Untertiteln	SNJ	False	False	False	False	False	False	False	DE_MED_UnsereHeimat_UT.mpg	UnsereHeimat.jpg
390	JugendProphet 12 A	00:19:30	LES	28.04.2026 22:00:00	Der Jugendliche und der Prophet (12)	Lesung aus einem Gespräch mit Gabriele, der Prophetin und Botschafterin des Ewigen Reiches, Folge 12	SNJ	False	False	False	False	False	False	False	DE_LES_JugendProphet_12_2026_16zu9.mpg	JugendProphet.jpg
400	InnereAndacht 09 A	01:00:00	MED	28.04.2026 22:30:00	Innere Andacht	Originalaufzeichnung aus der Schulungsreihe "Die großen kosmischen Lehren des Jesus von Nazareth an Seine Apostel und Jünger, die es fassen konnten", Folge 9: Was auch geschieht, Christus, der Halt, die Sicherheit, ist in uns.	SNJ	False	False	False	False	False	False	False	DE_MED_InnereAndacht_09_NAE1_16zu9.mpg	InnereAndacht.jpg
408	FGE VerbindeSei 01 AB	00:15:00	GR-ALLG	28.04.2026 23:40:30	Freie Gemeinschaften - Verbinde und Sei: Ich Bin das Ich Bin, das Gesetz - ewig	Kurzsendung unter dem Motto „Wir sind die Freien Gemeinschaften – verbinde und sei“, heute unter anderem zum Thema „Ich Bin das Ich Bin, das Gesetz – ewig“	SNJ	False	False	False	False	False	False	False	DE_FGE_Les_01IchBinDasIchBin_NAE2_16zu9.mpg	FGE VerbindeSei.jpg
412	Sternstunden 02 UT A	00:29:00	MED	29.04.2026 00:00:00	Gott ist Freiheit, Liebe und Einheit	Meditation zur Verinnerlichung und Gesundung, Sternstunden mit Gabriele vom 01.11.2002. Mit Untertiteln	SNJ	False	False	False	False	False	False	False	DE_MED_Stern_02_FreiheitLiebe_UT.mpg	Sternstunden.jpg
416	ZehnGebote 3 A	00:18:00	LES	29.04.2026 00:35:00	Die Zehn Gebote Gottes durch Mose	Eine Gesprächsrunde über die Zehn Gebote, wie sie für unsere Zeit von Gabriele ausgelegt und vertieft werden, heute Folge 3	SNJ	False	False	False	False	False	False	False	DE_LES_Die10Gebote2022_03_16zu9.mpg	ZehnGebote.jpg
423	Gabriele Mär26 	00:22:30	OFF	29.04.2026 01:00:00	Das Wort des Seraphs der göttlichen Weisheit an die Menschheit, gegeben im März 2026	Der Seraph der göttlichen Weisheit offenbarte sich in der Stammgemeinde des Herrn für den Aufbau des Friedensreiches des Christus Gottes im März 2026, dem Jahr 3 des messianischen, sophianischen Zeitalters 	SNJ	False	False	False	False	False	False	False	DE_OFF_GabrieleMaerz26_16zu9.mpg	Pfingstoff-2009.jpg
427	Gemeinschaften 12 A	00:14:00	GR-ALLG	29.04.2026 01:30:30	Die freien Gemeinschaften im Zeichen der Lilie	Schulung für die freien Gemeinschaften im Zeichen der Lilie, heute zum Thema: Leben ist Evolution. 	SNJ	False	False	False	False	False	False	False	DE_FGE_Gemeinschaften_12_16zu9.mpg	Gemeinschaften.jpg
431	FGE VerbindeSei 11 ABB	00:07:00	GR-ALLG	29.04.2026 01:50:00	Freie Gemeinschaften - Verbinde und Sei: Vaterworte auch an Dich	Kurzsendung unter dem Motto „Wir sind die Freien Gemeinschaften – verbinde und sei“, heute zum Thema „Vaterworte auch an Dich“	SNJ	False	False	False	False	False	False	False	DE_FGE_Les_11Vaterworte_16zu9.mpg	FGE VerbindeSei.jpg
435	IchKommeBald	01:25:00	LILIE	29.04.2026 02:00:00	Ich komme bald! Ich Bin der Christus Gottes	Das Lilienzeitalter, das messianische, sophianische Zeitalter. Offenbarung des Christus Gottes durch die Prophetin und Botschafterin des Ewigen Reiches Gabriele. Gegeben im Frühjahr 2019	SNJ	False	False	False	False	False	False	False	DE_LILIE_IchKommeBald_16zu9.mpg	IchKommeBald1.jpg
438	FestFamilieOstern26	01:03:30	GR-ALLG	29.04.2026 03:30:30	Christus, der Auferstandene, kam aus Liebe zur ganzen Schöpfung	Fest der Familie Gottes auf Erden - eine Aufzeichnung aus der Sophia-Bibliothek, dem Zentrum des Freien Geistes für alle Kulturen weltweit, an Ostern 2026	SNJ	False	False	False	False	False	False	False	DE_SON_Ostern26_NAE.mpg	FestFamilieApr26.jpg
443	Ruf 7 SchleusenGeöffnet	00:17:30	SON	29.04.2026 04:45:00	Der Ruf: Die Schleusen sind geöffnet	Bebilderter Ruf, gegeben von Gabriele, der Prophetin und Botschafterin des Ewigen Reiches: Die Schleusen sind geöffnet.	SNJ	False	False	False	False	False	False	False	DE_SON_RufGabi4SchleisenGeoffnet_16zu9.mpg	Ruf-7.jpg
448	BändeEwigesReich 01 A	00:42:00	LES	29.04.2026 05:10:00	Das Ewige Reich "Wer Mich kennt, der geht an Meiner Hand"	Christus-Offenbarungen aus dem Jahr 1991, gegeben durch die Botschafterin des Ewigen Reiches, Gabriele. Lesung aus dem Zelt Gottes für alle Menschen.	SNJ	False	False	False	False	False	False	False	DE_LES_ZeltOFFEwigesReich_01_16zu9.mpg	BändeEwigesReich 01.jpg
457	IhreGedanken 08 3Mi	00:11:00	MED-TAG	29.04.2026 06:00:00	Ihre Gedanken sind Ihr Tag	Bildmeditation als Richtschnur für den Tag, heute mit dem Leitgedanken: Energie geht nicht verloren. Was unbenutzt blieb, kommt irgendwann wieder, um in Ihr Leben einzugreifen (8c).	SNJ	False	False	False	False	False	False	False	DE_GH_Woche08Mittwoch_003_NEU2_16zu9.mpg	IhreGedanken.jpg
465	Medikurs1 07	00:21:00	MED	29.04.2026 06:20:00	Urchristlich Meditieren	Meditation aus dem Geiste Gottes, gegeben von Gabriele. Zwölfteiliger erster Schulungszyklus, Folge 7: Das Licht Gottes durchstrahlt mich.	SNJ	False	False	False	False	False	False	False	DE_MED_Kurs1DasLichtGottes_007_16zu9.mpg	Medikurs.JPG
470	PerlenInUns A	00:46:00	MED	29.04.2026 06:50:00	Die Perlen in uns: Das Reich Gottes - unsere ewige Heimat	Meditation zur Verinnerlichung für ein bewusstes Leben, gegeben von Gabriele	SNJ	False	False	False	False	False	False	False	DE_MED_PerlenInUns2_NeuAltErsetzen_16zu9.mpg	PerlenInUns.JPG
473	IhreGedanken 08 3Mi	00:11:00	MED-TAG	29.04.2026 07:40:30	Ihre Gedanken sind Ihr Tag	Bildmeditation als Richtschnur für den Tag, heute mit dem Leitgedanken: Energie geht nicht verloren. Was unbenutzt blieb, kommt irgendwann wieder, um in Ihr Leben einzugreifen (8c).	SNJ	False	False	False	False	False	False	False	DE_GH_Woche08Mittwoch_003_NEU2_16zu9.mpg	IhreGedanken.jpg
481	LassDichFühren 03 A	00:28:30	LES	29.04.2026 08:00:30	Die Neue Zeit - ein höheres Bewusstsein? Tue nichts Böses, dann widerfährt dir nichts Böses! Lass Dich führen! (3)	Lesung aus dem gleichnamigen Buch von Gabriele, der Prophetin und Botschafterin des Ewigen Reiches, Folge 3	SNJ	False	False	False	False	False	False	False	DE_LES_LassDichfuehren_03_16zu9.mpg	LassDichführen.jpg
489	Zuversicht UT 4	00:21:00	MED	29.04.2026 08:35:00	Wollen wir die Welt verändern, dann müssen wir uns selbst verändern	Meditative Lesung aus dem Buch "Zuversicht" von Gabriele. Mit Untertiteln	SNJ	False	False	False	False	False	False	False	DE_MED_Zuversicht_04_UT_NEU_16zu9.mpg	Zuversicht.jpg
492	FestFamilieOstern26	01:03:30	GR-ALLG	29.04.2026 09:00:30	Christus, der Auferstandene, kam aus Liebe zur ganzen Schöpfung	Fest der Familie Gottes auf Erden - eine Aufzeichnung aus der Sophia-Bibliothek, dem Zentrum des Freien Geistes für alle Kulturen weltweit, an Ostern 2026	SNJ	False	False	False	False	False	False	False	DE_SON_Ostern26_NAE.mpg	FestFamilieApr26.jpg
497	InnereLeben	00:12:00	MED	29.04.2026 10:15:00	Das Innere Leben ist der Geist	Meditation zur Verinnerlichung für ein bewusstes Leben, gegeben von Gabriele.	SNJ	False	False	False	False	False	False	False	DE_MED_DasInnereLeben_NeuAltErsetzen_16zu9.mpg	InnereLeben.jpg
504	FGE Rückmeldungen 08	00:16:30	GR-ALLG	29.04.2026 10:35:00	Wir lesen... hörst du zu? Mitfühlen, miterleben... Junge Leute auf dem Weg zu Christus	Rückmeldungen von jungen Menschen aus aller Welt auf dem Weg zu Christus	SNJ	False	False	False	False	False	False	False	DE_FGE_RueckmeldungJugend_08_16zu9.mpg	FGE Rückmeldungen 1.jpg
514	GPH06 BejahtDGesund CM	00:59:30	OFF	29.04.2026 11:05:00	Ihre Andacht, der freie Geist des Christus Gottes	Der Christus Gottes offenbarte sich durch Seine Prophetin Gabriele am 07.02.1993 - Göttliches Prophetisches Heilen: Bejaht die Gesundheit und lebt entsprechend.	SNJ	False	False	False	False	False	False	False	DE_OFF_GPH06BejahtDieGesund_1993-02-07_ChMorse_16zu9.mpg	GPH_2.jpg
518	UrchristenBetenOrte mAdr	00:13:00	GR-ALLG	29.04.2026 12:15:00	Urchristen weltweit verbinden sich zum gemeinsamen Gebet für den Frieden	Urchristen weltweit verbinden sich zum gemeinsamen Gebet für den Frieden	SNJ	False	False	False	False	False	False	False	DE_SON_Gebet_Papyrus_Kurz_NAE13_MitAdresse_16zu9.mpg	Ruf-2.jpg
520	Bergpredigt 05 A	00:21:00	LES	29.04.2026 12:30:30	Die Bergpredigt des Jesus von Nazareth	Lesung aus dem Buch "Das ist Mein Wort - Alpha und Omega - Das Evangelium Jesu". Die Folge 5 beginnt mit der Überschrift "Binde dich nicht an Menschen oder Dinge".	SNJ	False	False	False	False	False	False	False	DE_LES_Bergpredigt_05_16zu9.mpg	Bergpredigt-01.jpg
529	Christus Nov25	00:22:30	OFF	29.04.2026 13:00:00	Das Wort des Christus Gottes an die Menschheit, gegeben im November 2025	Der Christus Gottes offenbarte sich in der Stammgemeinde des Herrn für das Kommen des Christus Gottes am 8. November 2025, dem Jahr 2 des messianischen, sophianischen Zeitalters 	SNJ	False	False	False	False	False	False	False	DE_OFF_ChristusNov25_NEU_16zu9.mpg	Pfingstoff-2009.jpg
533	Aphorismen	00:14:00	MED	29.04.2026 13:30:00	Finden Sie zu Ihrem inneren Freund	Bildmeditation mit Aphorismen und Lebenshilfen aus der Sammlung "Die Perlenfischerin".	SNJ	False	False	False	False	False	False	False	DE_MED_AporPerlenNeutral_NeuAltErsetzen_16zu9.mpg	Aphorismen.jpg
539	FestFamilieOstern26	01:03:30	GR-ALLG	29.04.2026 14:00:00	Christus, der Auferstandene, kam aus Liebe zur ganzen Schöpfung	Fest der Familie Gottes auf Erden - eine Aufzeichnung aus der Sophia-Bibliothek, dem Zentrum des Freien Geistes für alle Kulturen weltweit, an Ostern 2026	SNJ	False	False	False	False	False	False	False	DE_SON_Ostern26_NAE.mpg	FestFamilieApr26.jpg
544	Jugend International	00:28:00	GR-ALLG	29.04.2026 15:15:00	Junge internationale Freie Gemeinschaften weltweit	Interviews mit jungen Menschen aus aller Welt auf dem Weg zu Christus, zu Besuch in Deutschland 	SNJ	False	False	False	False	False	False	False	DE_FGE_JugOstern2025_NEU_16zu9.mpg	Jugend International.jpg
546	UrchristenBetenOrte mAdr	00:13:00	GR-ALLG	29.04.2026 15:45:00	Urchristen weltweit verbinden sich zum gemeinsamen Gebet für den Frieden	Urchristen weltweit verbinden sich zum gemeinsamen Gebet für den Frieden	SNJ	False	False	False	False	False	False	False	DE_SON_Gebet_Papyrus_Kurz_NAE13_MitAdresse_16zu9.mpg	Ruf-2.jpg
548	JugendProphet 11 A	00:23:00	LES	29.04.2026 16:00:00	Der Jugendliche und der Prophet (11)	Lesung aus einem Gespräch mit Gabriele, der Prophetin und Botschafterin des Ewigen Reiches, Folge 11	SNJ	False	False	False	False	False	False	False	DE_LES_JugendProphet_11_2026_KORR_16zu9.mpg	JugendProphet.jpg
557	InnereAndacht 08 A	00:51:00	MED	29.04.2026 16:30:00	Innere Andacht	Originalaufzeichnung aus der Schulungsreihe "Die großen kosmischen Lehren des Jesus von Nazareth an Seine Apostel und Jünger, die es fassen konnten", Folge 8: Das All-Prinzip - Senden und Empfangen.	SNJ	False	False	False	False	False	False	False	DE_MED_InnereAndacht_08_NeuAltErsetzen2_16zu9.mpg	InnereAndacht.jpg
562	Nachruhm	00:24:30	LES	29.04.2026 17:30:00	Nachruhm	Lesung einer Tiergeschichte von Manfred Kyber 	SNJ	False	False	False	False	False	False	False	DE_LES_Nachruhm2024_16zu9.mpg	NachruhmNEU.jpg
569	Wassergeist 2KiZ	00:27:00	KIND	29.04.2026 18:00:55	Liobani - Die Schule für Neu Jerusalem II	In der Sendereihe für Kinder und Eltern "Liobani - Die Schule für Neu Jerusalem, für eine andere Zeit im Zeichen des Christus Gottes der Gottes- und Nächstenliebe" geht es heute das Thema "Die Wassergeister", aus dem zweiten Band von Liobani.	SNJ	False	False	False	False	False	False	False	DE_LIOS_2KiZ-03Wassergeist_16zu9.mpg	Liobanischule.jpg
572	BewusstseinInDir 3KiZ	00:17:30	KIND	29.04.2026 18:32:00	Liobani - Die Schule für Neu Jerusalem III	In der Sendereihe für Kinder und Eltern "Liobani - Die Schule für Neu Jerusalem, für eine andere Zeit im Zeichen des Christus Gottes der Gottes- und Nächstenliebe" geht es heute um das Thema "Das Bewusstsein in dir", aus dem dritten Band von Liobani.	SNJ	False	False	False	False	False	False	False	DE_LIOS_3KiZ-11BewusstseinInDir_16zu9.mpg	Liobanischule.jpg
577	InnererWeg 16	00:27:30	GR-LEB	29.04.2026 19:00:00	Der Innere Weg zum kosmischen Bewusstsein	Lesung über den Christus-Gottes-Weg, hin zu einer höheren Kultur und einem friedvollen Menschentum. Mit praktischen Übungen. Heute: Grundstufe der Ordnung - Folge 16: Aufmunterung für den Inneren Weg - Zusammenfassung.	SNJ	False	False	False	False	False	False	False	DE_GR-IW_InnereWeg2024_16_16zu9.mpg	InnererWeg.jpg
585	VerweileInDir	00:17:00	MED	29.04.2026 19:35:00	Verweile in dir - nütze den Tag	Meditation zur Verinnerlichung für ein bewusstes Leben, gegeben von Gabriele.	SNJ	False	False	False	False	False	False	False	DE_MED_VerweileInDir_NeuAltErsetzen2_16zu9.mpg	VerweileInDir.JPG
590	Männerwelt 2 A	01:13:00	LILIE	29.04.2026 20:00:00	Die Männerwelt - gestern und heute (2)	Das Lilienzeitalter, das messianische, sophianische Zeitalter. Geistig-göttliche Lehren der Prophetin und Botschafterin des Ewigen Reiches Gabriele zum Thema: "Die drei Eigenschaften des Vater-Mutter-Gottes und die Kapitulation des Satanisten" Gegeben im Juli 2019	SNJ	False	False	False	False	False	False	False	DE_LILIE_Maennerwelt_02_16zu9.mpg	Maennerwelt.jpg
594	Tiefenatmung UT	00:31:00	MED	29.04.2026 21:20:30	Tiefenatmung	Meditation zur Verinnerlichung für ein bewusstes Leben, von Gabriele, der Prophetin und Botschafterin des Ewigen Reiches. Mit Untertiteln	SNJ	False	False	False	False	False	False	False	DE_MED_Tiefenatmung_UT.mpg	TiefenatmungNEU.jpg
600	SchuleLeben 18 A	00:49:00	GR-LEB	29.04.2026 22:00:00	Die wahre Schule ist das Leben	Lehrstunden aus der göttlichen Weisheit - heute mit dem Thema: Nimm Dir die Freiheit. Werde frei - sei frei!	SNJ	False	False	False	False	False	False	False	DE_DWS_18NimmFreiheit_16zu9.mpg	SchuleLeben 02.jpg
604	Urlicht 02 A	00:58:00	MED	29.04.2026 22:55:00	Das Ur-Licht für alle Menschen	Heilmeditation mit dem Thema: Entwickle die Selbstheilungskräfte. Heile Dich mit der Christus-Gottes-Kraft, gegeben von Gabriele, der Prophetin und Botschafterin des Ewigen Reiches, Folge 2: Die Gnade Gottes ist die große Liebe, die ständig an Deine Herzenspforte pocht	SNJ	False	False	False	False	False	False	False	DE_MED_Urlicht_02_NEU_16zu9.mpg	Urlicht.jpg
609	ImGespräch 06	00:50:00	GR-ALLG	30.04.2026 00:00:00	Im Gespräch mit...	Im Interview kommen namhafte Experten zu Wort. Heute: Vogelkundler Prof. Peter Berthold.	SNJ	False	False	False	False	False	False	False	DE_GR_GesprBerthold_NeuAltErsetzen_Musik_16zu9.mpg	ImGespraech-06.jpg
617	LassDichFühren 02 A	00:30:00	LES	30.04.2026 01:00:30	Die Neue Zeit - ein höheres Bewusstsein? Tue nichts Böses, dann widerfährt dir nichts Böses! Lass Dich führen!	Lesung aus dem gleichnamigen Buch von Gabriele, der Prophetin und Botschafterin des Ewigen Reiches, Folge 2	SNJ	False	False	False	False	False	False	False	DE_LES_LassDichfuehren_02_Neu_16zu9.mpg	LassDichführen.jpg
622	Zuversicht UT 3	00:19:30	MED	30.04.2026 01:35:00	Sammle immer wieder aufs Neue deine positiven Gedanken	Meditative Lesung aus dem Buch "Zuversicht" von Gabriele. Mit Untertiteln	SNJ	False	False	False	False	False	False	False	DE_MED_Zuversicht_03_UT_NEU_16zu9.mpg	Zuversicht.jpg
626	Evolutionswiege 1	00:56:00	LILIE	30.04.2026 02:00:00	Die vier Entwicklungsebenen, die Evolutionswiege zur Kindschaft Gottes (1)	Das Lilienzeitalter, das messianische, sophianische Zeitalter. Autobiographische Einblicke in den Werdegang der Prophetin und Botschafterin Gottes Gabriele. Gegeben im Mai 2019	SNJ	False	False	False	False	False	False	False	DE_LILIE_Evolutionswiege_01_16zu9.mpg	Lilienzeitalter.jpg
629	GPH05 EinzigeHirte CM	00:54:30	OFF	30.04.2026 03:05:00	Ihre Andacht, der freie Geist des Christus Gottes	Der Christus Gottes offenbarte sich durch Seine Prophetin Gabriele am 24.01.1993 - Göttliches Prophetisches Heilen: Ich Bin der einzige Hirte. Zweifle nicht - jeder Zweifel führt dich wieder zu weiteren Sünden.	SNJ	False	False	False	False	False	False	False	DE_OFF_GPH05EinzigHirte_1993-01-24_ChMorse_16zu9.mpg	GPH_2.jpg
635	FestFamilieOstern26	01:03:30	GR-ALLG	30.04.2026 04:15:00	Christus, der Auferstandene, kam aus Liebe zur ganzen Schöpfung	Fest der Familie Gottes auf Erden - eine Aufzeichnung aus der Sophia-Bibliothek, dem Zentrum des Freien Geistes für alle Kulturen weltweit, an Ostern 2026	SNJ	False	False	False	False	False	False	False	DE_SON_Ostern26_NAE.mpg	FestFamilieApr26.jpg
640	Bergpredigt 04 A	00:26:00	LES	30.04.2026 05:30:00	Die Bergpredigt des Jesus von Nazareth	Lesung aus dem Buch "Das ist Mein Wort - Alpha und Omega - Das Evangelium Jesu". Die Folge 4 beginnt mit dem Thema "Versöhne dich mit deinem Nächsten".	SNJ	False	False	False	False	False	False	False	DE_LES_Bergpredigt_04_16zu9.mpg	Bergpredigt-02.jpg
645	IhreGedanken 08 4Do	00:12:30	MED-TAG	30.04.2026 06:00:00	Ihre Gedanken sind Ihr Tag	Bildmeditation als Richtschnur für den Tag, heute mit dem Leitgedanken:Nehmen Sie sich vor, negative, also sündhafte Gedanken, nicht mehr zu pflegen (8d).	SNJ	False	False	False	False	False	False	False	DE_GH_Woche08Donnerstag_004_NEU_16zu9.mpg	IhreGedanken.jpg
652	Medikurs1 07	00:21:00	MED	30.04.2026 06:20:00	Urchristlich Meditieren	Meditation aus dem Geiste Gottes, gegeben von Gabriele. Zwölfteiliger erster Schulungszyklus, Folge 7: Das Licht Gottes durchstrahlt mich.	SNJ	False	False	False	False	False	False	False	DE_MED_Kurs1DasLichtGottes_007_16zu9.mpg	Medikurs.JPG
660	Sternstunden 01 UT A	00:25:00	MED	30.04.2026 06:50:30	Liebe ist der Gesundbrunnen	Meditation zur Verinnerlichung und Gesundung, Sternstunden mit Gabriele vom 25.10.2002. Mit Untertiteln	SNJ	False	False	False	False	False	False	False	DE_MED_SternLiebeIstGesu_01_UT.mpg	Sternstunden.jpg
667	IhreGedanken 08 4Do	00:12:30	MED-TAG	30.04.2026 07:40:00	Ihre Gedanken sind Ihr Tag	Bildmeditation als Richtschnur für den Tag, heute mit dem Leitgedanken:Nehmen Sie sich vor, negative, also sündhafte Gedanken, nicht mehr zu pflegen (8d).	SNJ	False	False	False	False	False	False	False	DE_GH_Woche08Donnerstag_004_NEU_16zu9.mpg	IhreGedanken.jpg
673	Christus Weihnachten25	00:30:00	OFF	30.04.2026 08:00:00	Das Wort des Christus Gottes an die Menschheit, gegeben an Weihnachten 2025	Der Christus Gottes offenbarte sich beim Fest der Familie Gottes auf Erden - Urchristliches Weihnachten am 24. Dezember 2025, dem Jahr 2 des messianischen, sophianischen Zeitalters 	SNJ	False	False	False	False	False	False	False	DE_OFF_ChristusWeihnachten2025_16zu9.mpg	Pfingstoff-2009.jpg
676	ChristusSeelenarzt UT A	00:16:30	MED	30.04.2026 08:35:00	Christus in uns, der Seelenarzt	Gebetsmeditation, gegeben von Gabriele, der Prophetin und Botschafterin des Ewigen Reiches, am 08.06.2007. Mit Untertiteln	SNJ	False	False	False	False	False	False	False	DE_MED_CH249Seelenarzt_UT_NAE.mpg	ChristusSeelenarzt.jpg
683	MachtDerLiebe	01:12:00	LES	30.04.2026 09:00:00	Ich bete an die Macht der Liebe	Lesung einer Christus-Offenbarung aus dem Ewigen Reich durch die Prophetin und Botschafterin des Ewigen Reiches Gabriele im September 2021	SNJ	False	False	False	False	False	False	False	DE_LES_MachtDerLiebe_NAE1_NEU_16zu9.mpg	MachtDerLiebe.jpg
687	UnsereHeimat UT	00:33:30	MED	30.04.2026 10:20:00	Unsere Heimat im reinen Sein	Meditation zur Verinnerlichung für ein bewusstes Leben, gegeben von Gabriele, der Prophetin und Botschafterin des Ewigen Reiches, am 11.12.1992. Mit Untertiteln	SNJ	False	False	False	False	False	False	False	DE_MED_UnsereHeimat_UT.mpg	UnsereHeimat.jpg
691	JugendProphet 12 A	00:19:30	LES	30.04.2026 11:00:00	Der Jugendliche und der Prophet (12)	Lesung aus einem Gespräch mit Gabriele, der Prophetin und Botschafterin des Ewigen Reiches, Folge 12	SNJ	False	False	False	False	False	False	False	DE_LES_JugendProphet_12_2026_16zu9.mpg	JugendProphet.jpg
702	InnereAndacht 09 A	01:00:00	MED	30.04.2026 11:30:00	Innere Andacht	Originalaufzeichnung aus der Schulungsreihe "Die großen kosmischen Lehren des Jesus von Nazareth an Seine Apostel und Jünger, die es fassen konnten", Folge 9: Was auch geschieht, Christus, der Halt, die Sicherheit, ist in uns.	SNJ	False	False	False	False	False	False	False	DE_MED_InnereAndacht_09_NAE1_16zu9.mpg	InnereAndacht.jpg
710	FGE VerbindeSei 01 AB	00:15:00	GR-ALLG	30.04.2026 12:40:30	Freie Gemeinschaften - Verbinde und Sei: Ich Bin das Ich Bin, das Gesetz - ewig	Kurzsendung unter dem Motto „Wir sind die Freien Gemeinschaften – verbinde und sei“, heute unter anderem zum Thema „Ich Bin das Ich Bin, das Gesetz – ewig“	SNJ	False	False	False	False	False	False	False	DE_FGE_Les_01IchBinDasIchBin_NAE2_16zu9.mpg	FGE VerbindeSei.jpg
714	InnererWeg 16	00:27:30	GR-LEB	30.04.2026 13:00:00	Der Innere Weg zum kosmischen Bewusstsein	Lesung über den Christus-Gottes-Weg, hin zu einer höheren Kultur und einem friedvollen Menschentum. Mit praktischen Übungen. Heute: Grundstufe der Ordnung - Folge 16: Aufmunterung für den Inneren Weg - Zusammenfassung.	SNJ	False	False	False	False	False	False	False	DE_GR-IW_InnereWeg2024_16_16zu9.mpg	InnererWeg.jpg
723	Ruf 1 InnererWeg	00:18:30	SON	30.04.2026 13:35:00	Der Ruf Gabrieles, der Prophetin und Botschafterin des Ewigen Reiches	Bebilderter Ruf von Gabriele, der Prophetin und Botschafterin des Ewigen Reiches, im messianischen, sophianischen Zeitalter der Lilie, der Gottes- und Nächstenliebe. 	SNJ	False	False	False	False	False	False	False	DE_SON_DerRufGabrieles_16zu9.mpg	Ruf-1.jpg
728	Männerwelt 1 A	01:15:00	LILIE	30.04.2026 14:00:00	Die Männerwelt - gestern und heute (1)	Das Lilienzeitalter, das messianische, sophianische Zeitalter. Geistig-göttliche Lehren der Prophetin und Botschafterin des Ewigen Reiches Gabriele zum Thema: "Die drei Eigenschaften des Vater-Mutter-Gottes und die Kapitulation des Satanisten" Gegeben im Juli 2019	SNJ	False	False	False	False	False	False	False	DE_LILIE_Maennerwelt_01_16zu9.mpg	Maennerwelt.jpg
731	DasGebet A	00:33:00	MED	30.04.2026 15:20:00	Wo beten wir? Was beten wir? Wie beten wir?	Meditation zur Verinnerlichung für ein bewusstes Leben, gegeben von Gabriele, der Prophetin und Botschafterin des Ewigen Reiches.	SNJ	False	False	False	False	False	False	False	DE_MED_DasGebet_NeuAltErsetzen_16zu9.mpg	DasGebet.JPG
735	SchuleLeben 17 A	00:14:30	GR-LEB	30.04.2026 16:00:00	Die wahre Schule ist das Leben	Lehrstunden aus der göttlichen Weisheit - heute mit dem Thema: Der neue Mensch - Wie bleibe ich meinen Vorsätzen treu?	SNJ	False	False	False	False	False	False	False	DE_DWS_17VorsaetzeTreu_16zu9.mpg	SchuleLeben 02.jpg
744	Herzensgebete UT A	00:13:00	MED	30.04.2026 16:25:00	Herzensgebete sind Nahrung für die Seele	Gebetsmeditation, gegeben von Gabriele, der Prophetin und Botschafterin des Ewigen Reiches, am 20.08.2004. Mit Untertiteln	SNJ	False	False	False	False	False	False	False	DE_MED_CH104Herzensgebet_UT.mpg	Gebetsmeditation.jpg
749	FestFamilieOstern26	01:03:30	GR-ALLG	30.04.2026 16:45:00	Christus, der Auferstandene, kam aus Liebe zur ganzen Schöpfung	Fest der Familie Gottes auf Erden - eine Aufzeichnung aus der Sophia-Bibliothek, dem Zentrum des Freien Geistes für alle Kulturen weltweit, an Ostern 2026	SNJ	False	False	False	False	False	False	False	DE_SON_Ostern26_NAE.mpg	FestFamilieApr26.jpg
755	WahrnehmungTiere 1KiZ	00:14:30	KIND	30.04.2026 18:00:55	Liobani - Die Schule für Neu Jerusalem I	In der Sendereihe für Kinder und Eltern "Liobani - Die Schule für Neu Jerusalem, für eine andere Zeit im Zeichen des Christus Gottes der Gottes- und Nächstenliebe" geht es heute das Thema "Die feine Wahrnehmung der Tiere", aus dem ersten Band von Liobani.	SNJ	False	False	False	False	False	False	False	DE_LIOS_1KiZ-03WahrnehmTiere_16zu9.mpg	Liobanischule.jpg
758	Rotkehlchen 2KiZ	00:14:30	KIND	30.04.2026 18:17:00	Liobani - Die Schule für Neu Jerusalem II	In der Sendereihe für Kinder und Eltern "Liobani - Die Schule für Neu Jerusalem, für eine andere Zeit im Zeichen des Christus Gottes der Gottes- und Nächstenliebe" geht es heute um das Thema "Das Rotkehlchen", aus dem zweiten Band von Liobani.	SNJ	False	False	False	False	False	False	False	DE_LIOS_Natur_DasRotkehlchen_16zu9.mpg	Liobanischule.jpg
761	TagDeinFreund 3KiZ	00:15:00	KIND	30.04.2026 18:35:00	Liobani - Die Schule für Neu Jerusalem III	In der Sendereihe für Kinder und Eltern "Liobani - Die Schule für Neu Jerusalem, für eine andere Zeit im Zeichen des Christus Gottes der Gottes- und Nächstenliebe" geht es heute das Thema "Der Tag, dein Freund - die Tagesenergie", aus dem dritten Band von Liobani.	SNJ	False	False	False	False	False	False	False	DE_LIOS_3KiZ-03TagFreund_16zu9.mpg	Liobanischule.jpg
767	Gemeinschaften 05 A	00:19:00	GR-ALLG	30.04.2026 19:00:30	Die freien Gemeinschaften im Zeichen der Lilie	Schulung für die freien Gemeinschaften im Zeichen der Lilie, heute zum Thema: Wir sind Wesen des Weltall-Gesetzes.	SNJ	False	False	False	False	False	False	False	DE_FGE_Gemeinschaften_05_NAE_TelZeit_16zu9.mpg	Gemeinschaften.jpg
773	Jugend International	00:28:00	GR-ALLG	30.04.2026 19:25:00	Junge internationale Freie Gemeinschaften weltweit	Interviews mit jungen Menschen aus aller Welt auf dem Weg zu Christus, zu Besuch in Deutschland 	SNJ	False	False	False	False	False	False	False	DE_FGE_JugOstern2025_NEU_16zu9.mpg	Jugend International.jpg
776	GeschenkHeiligtum A	00:59:00	GR-ALLG	30.04.2026 20:00:00	Das Geschenk aus dem Heiligtum Gottes	Lesung aus dem Buch: "Das Geschenk aus dem Heiligtum Gottes"	SNJ	False	False	False	False	False	False	False	DE_SON_GeschenkHeiligtum_16zu9.mpg	GeschenkHeiligtum.jpg
783	FestFamilieOstern26	01:03:30	GR-ALLG	30.04.2026 21:15:00	Christus, der Auferstandene, kam aus Liebe zur ganzen Schöpfung	Fest der Familie Gottes auf Erden - eine Aufzeichnung aus der Sophia-Bibliothek, dem Zentrum des Freien Geistes für alle Kulturen weltweit, an Ostern 2026	SNJ	False	False	False	False	False	False	False	DE_SON_Ostern26_NAE.mpg	FestFamilieApr26.jpg
788	Ruf 2 DieErscheinung	00:20:30	SON	30.04.2026 22:30:30	Die Erscheinung im messianischen, sophianischen Zeitalter	Bebilderter Ruf von Gabriele, der Prophetin und Botschafterin des Ewigen Reiches: Die Erscheinung im messianischen, sophianischen Zeitalter, das neue Generationen widerspiegelt im Zeichen des Christus Gottes.	SNJ	False	False	False	False	False	False	False	DE_SON_DieErscheinung_NeuAltErsetzen3_16zu9.mpg	Ruf-2.jpg
794	AuflösungFormen 2 A	00:52:30	LES	30.04.2026 23:00:00	Die Vorbereitungen zur Auflösung aller verdichteten Formen und die Wiederkunft des Christus Gottes	Lesung einer Offenbarung des Fürsten der göttlichen Weisheit, gegeben durch die Prophetin und Botschafterin des Ewigen Reiches Gabriele im Jahr 1980. Teil 2	SNJ	False	False	False	False	False	False	False	DE_SON_AufloesungFormen_02_16zu9.mpg	AuflösungFormen.jpg
799	SicherheitInChristus	00:32:30	MED	01.05.2026 00:00:00	Sicherheit und Geborgenheit in Christus	Meditation zur Verinnerlichung für ein bewusstes Leben, gegeben von Gabriele, der Prophetin und Botschafterin des Ewigen Reiches, am 07.02.2003.	SNJ	False	False	False	False	False	False	False	DE_MED_CHSicherheitChristus_16zu9.mpg	SicherheitInChristus.jpg
805	FGE Rückm GeschHeiltum	00:11:30	GR-ALLG	01.05.2026 00:40:30	Das Geschenk aus dem Heiligtum Gottes - Rückmeldungen	Lesung von Rückmeldungen aus aller Welt zur Sendung "Das Geschenk aus dem Heiligtum Gottes"	SNJ	False	False	False	False	False	False	False	DE_SON_Rueckmeldung_GeschenkHeiligtum_NEU2_16zu9.mpg	FGE Rückm GeschHeiltum.jpg
812	Christus Nov25	00:22:30	OFF	01.05.2026 01:00:00	Das Wort des Christus Gottes an die Menschheit, gegeben im November 2025	Der Christus Gottes offenbarte sich in der Stammgemeinde des Herrn für das Kommen des Christus Gottes am 8. November 2025, dem Jahr 2 des messianischen, sophianischen Zeitalters 	SNJ	False	False	False	False	False	False	False	DE_OFF_ChristusNov25_NEU_16zu9.mpg	Pfingstoff-2009.jpg
816	Aphorismen	00:14:00	MED	01.05.2026 01:30:00	Finden Sie zu Ihrem inneren Freund	Bildmeditation mit Aphorismen und Lebenshilfen aus der Sammlung "Die Perlenfischerin".	SNJ	False	False	False	False	False	False	False	DE_MED_AporPerlenNeutral_NeuAltErsetzen_16zu9.mpg	Aphorismen.jpg
822	Jugend International	00:28:00	GR-ALLG	01.05.2026 02:00:00	Junge internationale Freie Gemeinschaften weltweit	Interviews mit jungen Menschen aus aller Welt auf dem Weg zu Christus, zu Besuch in Deutschland 	SNJ	False	False	False	False	False	False	False	DE_FGE_JugOstern2025_NEU_16zu9.mpg	Jugend International.jpg
824	FestFamilieOstern26	01:03:30	GR-ALLG	01.05.2026 02:30:00	Christus, der Auferstandene, kam aus Liebe zur ganzen Schöpfung	Fest der Familie Gottes auf Erden - eine Aufzeichnung aus der Sophia-Bibliothek, dem Zentrum des Freien Geistes für alle Kulturen weltweit, an Ostern 2026	SNJ	False	False	False	False	False	False	False	DE_SON_Ostern26_NAE.mpg	FestFamilieApr26.jpg
829	UrchristenBetenOrte mAdr	00:13:00	GR-ALLG	01.05.2026 03:45:00	Urchristen weltweit verbinden sich zum gemeinsamen Gebet für den Frieden	Urchristen weltweit verbinden sich zum gemeinsamen Gebet für den Frieden	SNJ	False	False	False	False	False	False	False	DE_SON_Gebet_Papyrus_Kurz_NAE13_MitAdresse_16zu9.mpg	Ruf-2.jpg
831	JugendProphet 11 A	00:23:00	LES	01.05.2026 04:00:00	Der Jugendliche und der Prophet (11)	Lesung aus einem Gespräch mit Gabriele, der Prophetin und Botschafterin des Ewigen Reiches, Folge 11	SNJ	False	False	False	False	False	False	False	DE_LES_JugendProphet_11_2026_KORR_16zu9.mpg	JugendProphet.jpg
840	InnereAndacht 08 A	00:51:00	MED	01.05.2026 04:30:00	Innere Andacht	Originalaufzeichnung aus der Schulungsreihe "Die großen kosmischen Lehren des Jesus von Nazareth an Seine Apostel und Jünger, die es fassen konnten", Folge 8: Das All-Prinzip - Senden und Empfangen.	SNJ	False	False	False	False	False	False	False	DE_MED_InnereAndacht_08_NeuAltErsetzen2_16zu9.mpg	InnereAndacht.jpg
845	Nachruhm	00:24:30	LES	01.05.2026 05:30:00	Nachruhm	Lesung einer Tiergeschichte von Manfred Kyber 	SNJ	False	False	False	False	False	False	False	DE_LES_Nachruhm2024_16zu9.mpg	NachruhmNEU.jpg
851	IhreGedanken 08 5Fr	00:12:30	MED-TAG	01.05.2026 06:00:00	Ihre Gedanken sind Ihr Tag	Bildmeditation als Richtschnur für den Tag, heute mit dem Leitgedanken: Möchten Sie nicht Ihr eigener Prügelknabe werden, sollten Sie die Aspekte, die Ihnen bewusst werden, bereinigen und nicht mehr tun (8e).	SNJ	False	False	False	False	False	False	False	DE_GH_Woche08Freitag_005_NEU2_16zu9.mpg	IhreGedanken.jpg
858	Medikurs1 07	00:21:00	MED	01.05.2026 06:20:30	Urchristlich Meditieren	Meditation aus dem Geiste Gottes, gegeben von Gabriele. Zwölfteiliger erster Schulungszyklus, Folge 7: Das Licht Gottes durchstrahlt mich.	SNJ	False	False	False	False	False	False	False	DE_MED_Kurs1DasLichtGottes_007_16zu9.mpg	Medikurs.JPG
865	Sternstunden 09 A	00:46:00	MED	01.05.2026 06:50:00	Glück und Gesundheit kommen von innen	Meditation zur Verinnerlichung und Gesundung, Sternstunden mit Gabriele vom 20.09.2002.	SNJ	False	False	False	False	False	False	False	DE_MED_SternGlueckUGesund_009_16zu9.mpg	Sternstunden.jpg
868	IhreGedanken 08 5Fr	00:12:30	MED-TAG	01.05.2026 07:40:30	Ihre Gedanken sind Ihr Tag	Bildmeditation als Richtschnur für den Tag, heute mit dem Leitgedanken: Möchten Sie nicht Ihr eigener Prügelknabe werden, sollten Sie die Aspekte, die Ihnen bewusst werden, bereinigen und nicht mehr tun (8e).	SNJ	False	False	False	False	False	False	False	DE_GH_Woche08Freitag_005_NEU2_16zu9.mpg	IhreGedanken.jpg
875	InnererWeg 16	00:27:30	GR-LEB	01.05.2026 08:00:00	Der Innere Weg zum kosmischen Bewusstsein	Lesung über den Christus-Gottes-Weg, hin zu einer höheren Kultur und einem friedvollen Menschentum. Mit praktischen Übungen. Heute: Grundstufe der Ordnung - Folge 16: Aufmunterung für den Inneren Weg - Zusammenfassung.	SNJ	False	False	False	False	False	False	False	DE_GR-IW_InnereWeg2024_16_16zu9.mpg	InnererWeg.jpg
882	VerweileInDir	00:17:00	MED	01.05.2026 08:35:00	Verweile in dir - nütze den Tag	Meditation zur Verinnerlichung für ein bewusstes Leben, gegeben von Gabriele.	SNJ	False	False	False	False	False	False	False	DE_MED_VerweileInDir_NeuAltErsetzen2_16zu9.mpg	VerweileInDir.JPG
887	Männerwelt 2 A	01:13:00	LILIE	01.05.2026 09:00:00	Die Männerwelt - gestern und heute (2)	Das Lilienzeitalter, das messianische, sophianische Zeitalter. Geistig-göttliche Lehren der Prophetin und Botschafterin des Ewigen Reiches Gabriele zum Thema: "Die drei Eigenschaften des Vater-Mutter-Gottes und die Kapitulation des Satanisten" Gegeben im Juli 2019	SNJ	False	False	False	False	False	False	False	DE_LILIE_Maennerwelt_02_16zu9.mpg	Maennerwelt.jpg
891	Tiefenatmung UT	00:31:00	MED	01.05.2026 10:20:30	Tiefenatmung	Meditation zur Verinnerlichung für ein bewusstes Leben, von Gabriele, der Prophetin und Botschafterin des Ewigen Reiches. Mit Untertiteln	SNJ	False	False	False	False	False	False	False	DE_MED_Tiefenatmung_UT.mpg	TiefenatmungNEU.jpg
897	SchuleLeben 18 A	00:49:00	GR-LEB	01.05.2026 11:00:00	Die wahre Schule ist das Leben	Lehrstunden aus der göttlichen Weisheit - heute mit dem Thema: Nimm Dir die Freiheit. Werde frei - sei frei!	SNJ	False	False	False	False	False	False	False	DE_DWS_18NimmFreiheit_16zu9.mpg	SchuleLeben 02.jpg
901	Urlicht 02 A	00:58:00	MED	01.05.2026 11:55:00	Das Ur-Licht für alle Menschen	Heilmeditation mit dem Thema: Entwickle die Selbstheilungskräfte. Heile Dich mit der Christus-Gottes-Kraft, gegeben von Gabriele, der Prophetin und Botschafterin des Ewigen Reiches, Folge 2: Die Gnade Gottes ist die große Liebe, die ständig an Deine Herzenspforte pocht	SNJ	False	False	False	False	False	False	False	DE_MED_Urlicht_02_NEU_16zu9.mpg	Urlicht.jpg
906	FestFamilieOstern26	01:03:30	GR-ALLG	01.05.2026 13:00:00	Christus, der Auferstandene, kam aus Liebe zur ganzen Schöpfung	Fest der Familie Gottes auf Erden - eine Aufzeichnung aus der Sophia-Bibliothek, dem Zentrum des Freien Geistes für alle Kulturen weltweit, an Ostern 2026	SNJ	False	False	False	False	False	False	False	DE_SON_Ostern26_NAE.mpg	FestFamilieApr26.jpg
911	Gemeinschaften 04 A	00:26:00	GR-ALLG	01.05.2026 14:15:00	Die freien Gemeinschaften im Zeichen der Lilie	Schulung für die freien Gemeinschaften im Zeichen der Lilie, heute zum Thema: Wer bist du? Ja, wer sind wir?	SNJ	False	False	False	False	False	False	False	DE_FGE_Gemeinschaften_04_NAE_16zu9.mpg	Gemeinschaften.jpg
914	Vaterworte	00:24:00	MED	01.05.2026 14:45:00	Vaterworte auch an dich	Meditation, um die Nähe Gottes zu erleben und aus dem menschlichen Ego herauszufinden, gegeben von Gabriele.	SNJ	False	False	False	False	False	False	False	DE_MED_VaterworteFuerRestderWelt_001_16zu9.mpg	Vaterworte.jpg
919	JesusKamFürTiere A	00:39:00	LES	01.05.2026 15:15:00	Jesus von Nazareth kam auch für die Tiere	Lesung aus dem Buch "Das ist Mein Wort - Alpha und Omega. Das Evangelium des Christus Gottes. Die Christus-Offenbarung weltweit"	SNJ	False	False	False	False	False	False	False	DE_LES_JesusKamFuerTiere_16zu9.mpg	JesusKamFürTiere.jpg
926	InnererArzt 2	00:31:30	MED	01.05.2026 16:00:00	Der Innere Arzt und Heiler	Die Heilmeditation fördert die Selbstheilungskräfte im Menschen "Heilwerden an Seele und Leib durch die Kraft des Christus Gottes - In der Ruhe liegt die Kraft zur Heilung". Heute: Der Christus-Gottes-Geist wirkt in Ihrem Atem und durch Ihren Atem.	SNJ	False	False	False	False	False	False	False	DE_MED_InnereArzt_002_NeuAltErsetzen_Vorspann_16zu9.mpg	InnererArzt.jpg
931	TiereHierZuHause 01	00:14:30	REP	01.05.2026 16:40:00	"Wir sind hier zu Hause"	Tiere auf dem Land des Friedens - Folge 1	SNJ	False	False	False	False	False	False	False	DE_DOK_TiereHierZuHause_01_NAE_16zu9.mpg	TiereHierZuHause.jpg
937	AuflösungFormen 1 A	00:55:00	LES	01.05.2026 17:00:00	Die Vorbereitungen zur Auflösung aller verdichteten Formen und die Wiederkunft des Christus Gottes	Lesung einer Offenbarung des Fürsten der göttlichen Weisheit, gegeben durch die Prophetin und Botschafterin des Ewigen Reiches Gabriele im Jahr 1980. Teil 1	SNJ	False	False	False	False	False	False	False	DE_SON_AufloesungFormen_01_16zu9.mpg	AuflösungFormen.jpg
943	BerichtAfrika	00:10:30	KIND	01.05.2026 18:00:55	Liobani - Die Schule für Neu Jerusalem - Bericht aus Afrika	In der Sendereihe für Kinder und Eltern "Liobani - Die Schule für Neu Jerusalem, für eine andere Zeit im Zeichen des Christus Gottes der Gottes- und Nächstenliebe" geht es heute um einen Bericht aus Afrika	SNJ	False	False	False	False	False	False	False	DE_LIOS_BerichtAfrika_16zu9.mpg	BerichtAfrika.jpg
945	Erdgeist 2KiZ	00:16:30	KIND	01.05.2026 18:15:00	Liobani - Die Schule für Neu Jerusalem II	In der Sendereihe für Kinder und Eltern "Liobani - Die Schule für Neu Jerusalem, für eine andere Zeit im Zeichen des Christus Gottes der Gottes- und Nächstenliebe" geht es heute das Thema "Die Erdgeister", aus dem zweiten Band von Liobani.	SNJ	False	False	False	False	False	False	False	DE_LIOS_2KiZ-06Erdgeist_16zu9.mpg	Liobanischule.jpg
948	LebenIstKlang 1KiZ	00:17:00	KIND	01.05.2026 18:34:00	Liobani - Die Schule für Neu Jerusalem I	In der Sendereihe für Kinder und Eltern "Liobani - Die Schule für Neu Jerusalem, für eine andere Zeit im Zeichen des Christus Gottes der Gottes- und Nächstenliebe" geht es heute um das Thema "Das Leben ist Klang", aus dem ersten Band von Liobani.	SNJ	False	False	False	False	False	False	False	DE_LIOS_1KiZ-01DasLebenIstKlang_16zu9.mpg	Liobanischule.jpg
954	InnereAndacht 04 A	00:56:30	MED	01.05.2026 19:00:30	Innere Andacht	Originalaufzeichnung aus der Schulungsreihe "Die großen kosmischen Lehren des Jesus von Nazareth an Seine Apostel und Jünger, die es fassen konnten", Folge 4: Der innere Reichtum ist das Reich Gottes in uns.	SNJ	False	False	False	False	False	False	False	DE_MED_InnereAndacht_04_NeuAltErsetzen2_16zu9.mpg	InnereAndacht.jpg
961	JugendProphet 08 A	00:21:00	LES	01.05.2026 20:05:00	Der Jugendliche und der Prophet (8)	Lesung aus einem Gespräch mit Gabriele, der Prophetin und Botschafterin des Ewigen Reiches, Folge 8	SNJ	False	False	False	False	False	False	False	DE_LES_JugendProphet_08_2026_16zu9.mpg	JugendProphet.jpg
969	FGE VerbindeSei 14 ABB	00:07:00	GR-ALLG	01.05.2026 20:35:00	Freie Gemeinschaften - Verbinde und Sei: Reinkarnation - Eine Gnadengabe des Lebens	Kurzsendung unter dem Motto „Wir sind die Freien Gemeinschaften – verbinde und sei“, heute unter anderem zum Thema „Reinkarnation - Eine Gnadengabe des Lebens“	SNJ	False	False	False	False	False	False	False	DE_FGE_Les_14Reinkarnation_16zu9.mpg	FGE VerbindeSei.jpg
972	FestFamilieOstern26	01:03:30	GR-ALLG	01.05.2026 20:45:00	Christus, der Auferstandene, kam aus Liebe zur ganzen Schöpfung	Fest der Familie Gottes auf Erden - eine Aufzeichnung aus der Sophia-Bibliothek, dem Zentrum des Freien Geistes für alle Kulturen weltweit, an Ostern 2026	SNJ	False	False	False	False	False	False	False	DE_SON_Ostern26_NAE.mpg	FestFamilieApr26.jpg
977	TiereHierZuHause 01	00:14:30	REP	01.05.2026 22:00:30	"Wir sind hier zu Hause"	Tiere auf dem Land des Friedens - Folge 1	SNJ	False	False	False	False	False	False	False	DE_DOK_TiereHierZuHause_01_NAE_16zu9.mpg	TiereHierZuHause.jpg
978	Großinquisitor 1	00:18:30	LES	01.05.2026 22:15:00	Der Großinquisitor - Teil 1	Lesung einer Erzählung aus dem Roman "Die Brüder Karamasow" von Fjodor M. Dostojewski. Teil 1	SNJ	False	False	False	False	False	False	False	DE_LES_DerGrossinquisitor_01_16zu9.mpg	Großinquisitor.jpg
980	Großinquisitor 2	00:23:30	LES	01.05.2026 22:35:00	Der Großinquisitor - Teil 2	Lesung einer Erzählung aus dem Roman "Die Brüder Karamasow" von Fjodor M. Dostojewski. Teil 2	SNJ	False	False	False	False	False	False	False	DE_LES_DerGroßinquisitor_02_16zu9.mpg	Großinquisitor.jpg
982	Großinquisitor 3	00:33:30	LES	01.05.2026 23:00:30	Der Großinquisitor - Teil 3	Lesung einer Erzählung aus dem Roman "Die Brüder Karamasow" von Fjodor M. Dostojewski. Teil 3	SNJ	False	False	False	False	False	False	False	DE_LES_DerGroßinquisitor_03_16zu9.mpg	Großinquisitor.jpg
988	Urgesteinsmehl	00:15:00	REP	01.05.2026 23:40:00	Eine neue Landwirtschaft für die Neue Zeit	Dokumentation über eine neue Landwirtschaft im Einklang mit der Natur. Heute: Urgesteinsmehl - Nahrung für unsere Felder	SNJ	False	False	False	False	False	False	False	DE_DOK_LandUrgesteinsmehl_NAE2_16zu9.mpg	Landwirtschaft 1.jpg
995	Sternstunden 04 UT A	00:39:30	MED	02.05.2026 00:00:00	Ein neuer Mensch im Strom der unendlichen Liebe	Meditation zur Verinnerlichung und Gesundung, Sternstunden mit Gabriele vom 05.07.2002. Mit Untertiteln	SNJ	False	False	False	False	False	False	False	DE_MED_Stern_004_NeuerMensch_UT.mpg	Sternstunden.jpg
999	UrchristenBetenOrte mAdr	00:13:00	GR-ALLG	02.05.2026 00:45:00	Urchristen weltweit verbinden sich zum gemeinsamen Gebet für den Frieden	Urchristen weltweit verbinden sich zum gemeinsamen Gebet für den Frieden	SNJ	False	False	False	False	False	False	False	DE_SON_Gebet_Papyrus_Kurz_NAE13_MitAdresse_16zu9.mpg	Ruf-2.jpg
1001	InnererWeg 16	00:27:30	GR-LEB	02.05.2026 01:00:30	Der Innere Weg zum kosmischen Bewusstsein	Lesung über den Christus-Gottes-Weg, hin zu einer höheren Kultur und einem friedvollen Menschentum. Mit praktischen Übungen. Heute: Grundstufe der Ordnung - Folge 16: Aufmunterung für den Inneren Weg - Zusammenfassung.	SNJ	False	False	False	False	False	False	False	DE_GR-IW_InnereWeg2024_16_16zu9.mpg	InnererWeg.jpg
1009	Ruf 1 InnererWeg	00:18:30	SON	02.05.2026 01:35:00	Der Ruf Gabrieles, der Prophetin und Botschafterin des Ewigen Reiches	Bebilderter Ruf von Gabriele, der Prophetin und Botschafterin des Ewigen Reiches, im messianischen, sophianischen Zeitalter der Lilie, der Gottes- und Nächstenliebe. 	SNJ	False	False	False	False	False	False	False	DE_SON_DerRufGabrieles_16zu9.mpg	Ruf-1.jpg
1014	Männerwelt 1 A	01:15:00	LILIE	02.05.2026 02:00:00	Die Männerwelt - gestern und heute (1)	Das Lilienzeitalter, das messianische, sophianische Zeitalter. Geistig-göttliche Lehren der Prophetin und Botschafterin des Ewigen Reiches Gabriele zum Thema: "Die drei Eigenschaften des Vater-Mutter-Gottes und die Kapitulation des Satanisten" Gegeben im Juli 2019	SNJ	False	False	False	False	False	False	False	DE_LILIE_Maennerwelt_01_16zu9.mpg	Maennerwelt.jpg
1017	DasGebet A	00:33:00	MED	02.05.2026 03:20:00	Wo beten wir? Was beten wir? Wie beten wir?	Meditation zur Verinnerlichung für ein bewusstes Leben, gegeben von Gabriele, der Prophetin und Botschafterin des Ewigen Reiches.	SNJ	False	False	False	False	False	False	False	DE_MED_DasGebet_NeuAltErsetzen_16zu9.mpg	DasGebet.JPG
1021	SchuleLeben 17 A	00:14:30	GR-LEB	02.05.2026 04:00:00	Die wahre Schule ist das Leben	Lehrstunden aus der göttlichen Weisheit - heute mit dem Thema: Der neue Mensch - Wie bleibe ich meinen Vorsätzen treu?	SNJ	False	False	False	False	False	False	False	DE_DWS_17VorsaetzeTreu_16zu9.mpg	SchuleLeben 02.jpg
1030	Herzensgebete UT A	00:13:00	MED	02.05.2026 04:25:00	Herzensgebete sind Nahrung für die Seele	Gebetsmeditation, gegeben von Gabriele, der Prophetin und Botschafterin des Ewigen Reiches, am 20.08.2004. Mit Untertiteln	SNJ	False	False	False	False	False	False	False	DE_MED_CH104Herzensgebet_UT.mpg	Gebetsmeditation.jpg
1035	FestFamilieOstern26	01:03:30	GR-ALLG	02.05.2026 04:45:00	Christus, der Auferstandene, kam aus Liebe zur ganzen Schöpfung	Fest der Familie Gottes auf Erden - eine Aufzeichnung aus der Sophia-Bibliothek, dem Zentrum des Freien Geistes für alle Kulturen weltweit, an Ostern 2026	SNJ	False	False	False	False	False	False	False	DE_SON_Ostern26_NAE.mpg	FestFamilieApr26.jpg
1040	IhreGedanken 08 6Sa	00:12:30	MED-TAG	02.05.2026 06:00:00	Ihre Gedanken sind Ihr Tag	Bildmeditation als Richtschnur für den Tag, heute mit dem Leitgedanken: So, wie ich den Morgen bestimme, so soll er mich in den Tag tragen (8f).	SNJ	False	False	False	False	False	False	False	DE_GH_Woche08Samstag_006_NEU_16zu9.mpg	IhreGedanken.jpg
1046	Organansprache 4	00:46:00	MED	02.05.2026 06:20:00	Organansprechung aus dem Geiste Gottes	Meditation zur Gesundheit "Die Organe Ihres Körpers rufen. Geben Sie ihnen Nahrung!", Folge 4: Ansprechung der Bewusstseinszentren Liebe und Barmherzigkeit.	SNJ	False	False	False	False	False	False	False	DE_MED_Organ_004_16zu9.mpg	Organansprache.jpg
1050	MitChristusBeten UT	00:19:00	MED	02.05.2026 07:15:00	Mit Christus beten	Gebetsmeditation, gegeben von Gabriele, der Prophetin und Botschafterin des Ewigen Reiches, am 17.10.2003. Mit Untertiteln	SNJ	False	False	False	False	False	False	False	DE_MED_CH60MitChristusBeten_UT_NAE2_16zu9.mpg	GottGegwLicht.jpg
1056	IhreGedanken 08 6Sa	00:12:30	MED-TAG	02.05.2026 07:40:00	Ihre Gedanken sind Ihr Tag	Bildmeditation als Richtschnur für den Tag, heute mit dem Leitgedanken: So, wie ich den Morgen bestimme, so soll er mich in den Tag tragen (8f).	SNJ	False	False	False	False	False	False	False	DE_GH_Woche08Samstag_006_NEU_16zu9.mpg	IhreGedanken.jpg
1063	Gemeinschaften 05 A	00:19:00	GR-ALLG	02.05.2026 08:00:00	Die freien Gemeinschaften im Zeichen der Lilie	Schulung für die freien Gemeinschaften im Zeichen der Lilie, heute zum Thema: Wir sind Wesen des Weltall-Gesetzes.	SNJ	False	False	False	False	False	False	False	DE_FGE_Gemeinschaften_05_NAE_TelZeit_16zu9.mpg	Gemeinschaften.jpg
1069	Jugend International	00:28:00	GR-ALLG	02.05.2026 08:25:00	Junge internationale Freie Gemeinschaften weltweit	Interviews mit jungen Menschen aus aller Welt auf dem Weg zu Christus, zu Besuch in Deutschland 	SNJ	False	False	False	False	False	False	False	DE_FGE_JugOstern2025_NEU_16zu9.mpg	Jugend International.jpg
1072	GeschenkHeiligtum A	00:59:00	GR-ALLG	02.05.2026 09:00:00	Das Geschenk aus dem Heiligtum Gottes	Lesung aus dem Buch: "Das Geschenk aus dem Heiligtum Gottes"	SNJ	False	False	False	False	False	False	False	DE_SON_GeschenkHeiligtum_16zu9.mpg	GeschenkHeiligtum.jpg
1079	FestFamilieOstern26	01:03:30	GR-ALLG	02.05.2026 10:15:00	Christus, der Auferstandene, kam aus Liebe zur ganzen Schöpfung	Fest der Familie Gottes auf Erden - eine Aufzeichnung aus der Sophia-Bibliothek, dem Zentrum des Freien Geistes für alle Kulturen weltweit, an Ostern 2026	SNJ	False	False	False	False	False	False	False	DE_SON_Ostern26_NAE.mpg	FestFamilieApr26.jpg
1084	Ruf 2 DieErscheinung	00:20:30	SON	02.05.2026 11:30:30	Die Erscheinung im messianischen, sophianischen Zeitalter	Bebilderter Ruf von Gabriele, der Prophetin und Botschafterin des Ewigen Reiches: Die Erscheinung im messianischen, sophianischen Zeitalter, das neue Generationen widerspiegelt im Zeichen des Christus Gottes.	SNJ	False	False	False	False	False	False	False	DE_SON_DieErscheinung_NeuAltErsetzen3_16zu9.mpg	Ruf-2.jpg
1090	AuflösungFormen 2 A	00:52:30	LES	02.05.2026 12:00:00	Die Vorbereitungen zur Auflösung aller verdichteten Formen und die Wiederkunft des Christus Gottes	Lesung einer Offenbarung des Fürsten der göttlichen Weisheit, gegeben durch die Prophetin und Botschafterin des Ewigen Reiches Gabriele im Jahr 1980. Teil 2	SNJ	False	False	False	False	False	False	False	DE_SON_AufloesungFormen_02_16zu9.mpg	AuflösungFormen.jpg
1096	InnereAndacht 03 A	00:55:30	MED	02.05.2026 13:00:30	Innere Andacht	Originalaufzeichnung aus der Schulungsreihe "Die großen kosmischen Lehren des Jesus von Nazareth an Seine Apostel und Jünger, die es fassen konnten", Folge 3: Ein neues Menschentum in Christus entsteht.	SNJ	False	False	False	False	False	False	False	DE_MED_InnereAndacht_03_NeuAltErsetzen_TonKorr_LizenzKorr_16zu9.mpg	InnereAndacht.jpg
1103	JugendProphet 07 A	00:21:30	LES	02.05.2026 14:05:00	Der Jugendliche und der Prophet (7)	Lesung aus einem Gespräch mit Gabriele, der Prophetin und Botschafterin des Ewigen Reiches, Folge 7	SNJ	False	False	False	False	False	False	False	DE_LES_JugendProphet_07_2026_16zu9.mpg	JugendProphet.jpg
1112	FGE VerbindeSei 12 ABB	00:06:00	GR-ALLG	02.05.2026 14:35:00	Freie Gemeinschaften - Verbinde und Sei: Sie sind nicht allein	Kurzsendung unter dem Motto „Wir sind die Freien Gemeinschaften – verbinde und sei“, heute unter anderem zum Thema „Sie sind nicht allein“	SNJ	False	False	False	False	False	False	False	DE_FGE_Les_12SieSindNichtAllein_16zu9.mpg	FGE VerbindeSei.jpg
1116	GottVaterWortAll2018 A	01:15:00	LES	02.05.2026 14:45:00	Gott-Vater. Das Wort des Alls	"Gott-Vater. Das Wort des Alls" Lesung einer Offenbarung des Ewigen All-Einen Gottes, gegeben durch die Prophetin und Botschafterin des Ewigen Reiches Gabriele im September 2018.	SNJ	False	False	False	False	False	False	False	DE_LES_OFF2018GottVater_16zu9.mpg	IchBin-Ewig.jpg
1121	GroßeGeister 10	00:06:00	MED	02.05.2026 16:10:00	Was sagen große Geister 	Zitate berühmter Persönlichkeiten und philosophischer Denker über die Tiere und die Natur (10) Leo Tolstoi, Mahatma Gandhi, Wilhelm Busch, Johann Wolfgang von Goethe, Sven Hedin	SNJ	False	False	False	False	False	False	False	DE_MED_WasSagenGeiser Tiere_010_NAE2.mpg	GroßeGeister.jpg
1122	FestFamilieOstern26	01:03:30	GR-ALLG	02.05.2026 16:15:00	Christus, der Auferstandene, kam aus Liebe zur ganzen Schöpfung	Fest der Familie Gottes auf Erden - eine Aufzeichnung aus der Sophia-Bibliothek, dem Zentrum des Freien Geistes für alle Kulturen weltweit, an Ostern 2026	SNJ	False	False	False	False	False	False	False	DE_SON_Ostern26_NAE.mpg	FestFamilieApr26.jpg
1127	Brottrunk	00:23:30	REP	02.05.2026 17:30:00	Eine neue Landwirtschaft für die Neue Zeit	Dokumentation über eine neue Landwirtschaft im Einklang mit der Natur. Heute: Brottrunk - natürliche Bodenstärkung	SNJ	False	False	False	False	False	False	False	DE_DOK_Brottrunk_NAE1_16zu9.mpg	Brottrunk 2.jpg
1136	Feuergeister 2KiZ	00:10:30	KIND	02.05.2026 18:00:55	Liobani - Die Schule für Neu Jerusalem II	In der Sendereihe für Kinder und Eltern "Liobani - Die Schule für Neu Jerusalem, für eine andere Zeit im Zeichen des Christus Gottes der Gottes- und Nächstenliebe" geht es heute das Thema "Die Feuergeister", aus dem zweiten Band von Liobani.	SNJ	False	False	False	False	False	False	False	DE_LIOS_2KiZ-03FeuerGeist_16zu9.mpg	Liobanischule.jpg
1137	Bewusstseinsstand 2KiZ	00:16:30	KIND	02.05.2026 18:12:00	Liobani - Die Schule für Neu Jerusalem II	In der Sendereihe für Kinder und Eltern "Liobani - Die Schule für Neu Jerusalem, für eine andere Zeit im Zeichen des Christus Gottes der Gottes- und Nächstenliebe" geht es heute das Thema "Jeder hat einen anderen Bewusstseinsstand", aus dem zweiten Band von Liobani.	SNJ	False	False	False	False	False	False	False	DE_LIOS_2Kiz-02Bewusstseinsstand_16zu9.mpg	Liobanischule.jpg
1140	Berufswahl 3KiZ	00:17:00	KIND	02.05.2026 18:30:30	Liobani - Die Schule für Neu Jerusalem III	In der Sendereihe für Kinder und Eltern "Liobani - Die Schule für Neu Jerusalem, für eine andere Zeit im Zeichen des Christus Gottes der Gottes- und Nächstenliebe" geht es heute um die Berufswahl, aus dem dritten Band von Liobani.	SNJ	False	False	False	False	False	False	False	DE_LIOS_3KiZ-14Berufswahl_16zu9.mpg	Liobanischule.jpg
1149	SchuleLeben 07 A	00:50:00	GR-LEB	02.05.2026 19:00:00	Die wahre Schule ist das Leben	Lehrstunden aus der göttlichen Weisheit - heute mit dem Thema: Wohlbefinden und glücklich leben. Jeder Tag kann ein Lebensgewinn sein	SNJ	False	False	False	False	False	False	False	DE_DWS_07Wohlbefinden_16zu9.mpg	SchuleLeben 02.jpg
1157	DasLilienZA GottIU 1 NachPauseTeil2 	00:57:30	LES	02.05.2026 20:00:00	Das Lilienzeitalter - Gott in uns und wir in Gott	Das Lilienzeitalter - die hohe Zeit nach der Zeit. Gott in uns und wir in Gott. Geistig-göttliche Lehren von Gabriele, der Prophetin und Botschafterin des Ewigen Reiches, gegeben im April 2020. Teil 1	SNJ	False	False	False	False	False	False	False	DE_LES_ZeltLilieGottInUns_T1_NachPause_16zu9.mpg	DasLilienzeitalterGottIU.jpg
1160	DasLilienZA GottIU 2	00:54:00	LES	02.05.2026 21:00:30	Das Lilienzeitalter - Gott in uns und wir in Gott	Das Lilienzeitalter - die hohe Zeit nach der Zeit. Gott in uns und wir in Gott. Geistig-göttliche Lehren von Gabriele, der Prophetin und Botschafterin des Ewigen Reiches, gegeben im April 2020. Teil 2	SNJ	False	False	False	False	False	False	False	DE_LES_ZeltLilieGottInUns_T2_NAE_NEU_1.mpg	DasLilienzeitalterGottIU.jpg
1166	UrchristlicherStrom 03 A	01:06:30	GR-ALLG	02.05.2026 22:15:00	Das prophetische Wort im urchristlichen Strom - heute und zu allen Zeiten	Gesprächsrunde zum Thema "Das prophetische Wort im urchristlichen Strom - heute und zu allen Zeiten und der Versuch der Ausmerzung der Urgemeinden, der Nachfolger des Jesus von Nazareth" Teil 3	SNJ	False	False	False	False	False	False	False	DE_SON_UrchristlicherStrom_03_16zu9.mpg	UrchristlicherStrom.jpg
1171	InnererWeg 16	00:27:30	GR-LEB	02.05.2026 23:30:00	Der Innere Weg zum kosmischen Bewusstsein	Lesung über den Christus-Gottes-Weg, hin zu einer höheren Kultur und einem friedvollen Menschentum. Mit praktischen Übungen. Heute: Grundstufe der Ordnung - Folge 16: Aufmunterung für den Inneren Weg - Zusammenfassung.	SNJ	False	False	False	False	False	False	False	DE_GR-IW_InnereWeg2024_16_16zu9.mpg	InnererWeg.jpg
1176	GottVater Pfingsten25	00:39:00	OFF	03.05.2026 00:00:00	Das Wort Gott-Vaters an die Menschheit, gegeben an Pfingsten 2025	Gott Vater offenbarte sich beim urchristlichen Gemeindetreffen an Pfingsten, dem 07.06.2025	SNJ	False	False	False	False	False	False	False	DE_OFF_VaterPfingsten2025_01_16zu9.mpg	Pfingstoff-2009.jpg
1182	FestFamilieOstern26	01:03:30	GR-ALLG	03.05.2026 01:00:00	Christus, der Auferstandene, kam aus Liebe zur ganzen Schöpfung	Fest der Familie Gottes auf Erden - eine Aufzeichnung aus der Sophia-Bibliothek, dem Zentrum des Freien Geistes für alle Kulturen weltweit, an Ostern 2026	SNJ	False	False	False	False	False	False	False	DE_SON_Ostern26_NAE.mpg	FestFamilieApr26.jpg
1187	Gemeinschaften 04 A	00:26:00	GR-ALLG	03.05.2026 02:15:00	Die freien Gemeinschaften im Zeichen der Lilie	Schulung für die freien Gemeinschaften im Zeichen der Lilie, heute zum Thema: Wer bist du? Ja, wer sind wir?	SNJ	False	False	False	False	False	False	False	DE_FGE_Gemeinschaften_04_NAE_16zu9.mpg	Gemeinschaften.jpg
1190	Vaterworte	00:24:00	MED	03.05.2026 02:45:00	Vaterworte auch an dich	Meditation, um die Nähe Gottes zu erleben und aus dem menschlichen Ego herauszufinden, gegeben von Gabriele.	SNJ	False	False	False	False	False	False	False	DE_MED_VaterworteFuerRestderWelt_001_16zu9.mpg	Vaterworte.jpg
1195	JesusKamFürTiere A	00:39:00	LES	03.05.2026 03:15:00	Jesus von Nazareth kam auch für die Tiere	Lesung aus dem Buch "Das ist Mein Wort - Alpha und Omega. Das Evangelium des Christus Gottes. Die Christus-Offenbarung weltweit"	SNJ	False	False	False	False	False	False	False	DE_LES_JesusKamFuerTiere_16zu9.mpg	JesusKamFürTiere.jpg
1202	InnererArzt 2	00:31:30	MED	03.05.2026 04:00:00	Der Innere Arzt und Heiler	Die Heilmeditation fördert die Selbstheilungskräfte im Menschen "Heilwerden an Seele und Leib durch die Kraft des Christus Gottes - In der Ruhe liegt die Kraft zur Heilung". Heute: Der Christus-Gottes-Geist wirkt in Ihrem Atem und durch Ihren Atem.	SNJ	False	False	False	False	False	False	False	DE_MED_InnereArzt_002_NeuAltErsetzen_Vorspann_16zu9.mpg	InnererArzt.jpg
1207	TiereHierZuHause 01	00:14:30	REP	03.05.2026 04:40:00	"Wir sind hier zu Hause"	Tiere auf dem Land des Friedens - Folge 1	SNJ	False	False	False	False	False	False	False	DE_DOK_TiereHierZuHause_01_NAE_16zu9.mpg	TiereHierZuHause.jpg
1213	AuflösungFormen 1 A	00:55:00	LES	03.05.2026 05:00:00	Die Vorbereitungen zur Auflösung aller verdichteten Formen und die Wiederkunft des Christus Gottes	Lesung einer Offenbarung des Fürsten der göttlichen Weisheit, gegeben durch die Prophetin und Botschafterin des Ewigen Reiches Gabriele im Jahr 1980. Teil 1	SNJ	False	False	False	False	False	False	False	DE_SON_AufloesungFormen_01_16zu9.mpg	AuflösungFormen.jpg
1218	IhreGedanken 08 7So	00:13:30	MED-TAG	03.05.2026 06:00:00	Ihre Gedanken sind Ihr Tag	Bildmeditation als Richtschnur für den Tag, heute mit dem Leitgedanken:Rechtes Danken ist positives Leben (8g).	SNJ	False	False	False	False	False	False	False	DE_GH_Woche08Sonntag_007_NEU2_16zu9.mpg	IhreGedanken.jpg
1224	Medikurs1 08	00:33:00	MED	03.05.2026 06:20:00	Urchristlich Meditieren	Meditation aus dem Geiste Gottes, gegeben von Gabriele. Zwölfteiliger erster Schulungszyklus, Folge 8: Die göttlichen Lichtkräfte in mir wandeln alles um.	SNJ	False	False	False	False	False	False	False	DE_MED_Kurs1LichtKraefte_008_16zu9.mpg	Medikurs.JPG
1228	Sternstunden 17 UT A 	00:30:30	MED	03.05.2026 07:00:30	Innere Sicherheit und Geborgenheit	Meditation zur Verinnerlichung und Gesundung, Sternstunden mit Gabriele vom 03.01.2003. Mit Untertiteln	SNJ	False	False	False	False	False	False	False	DE_MED_Stern_017_InnereSicherhei_UT.mpg	Sternstunden.jpg
1235	IhreGedanken 08 7So	00:13:30	MED-TAG	03.05.2026 07:40:30	Ihre Gedanken sind Ihr Tag	Bildmeditation als Richtschnur für den Tag, heute mit dem Leitgedanken:Rechtes Danken ist positives Leben (8g).	SNJ	False	False	False	False	False	False	False	DE_GH_Woche08Sonntag_007_NEU2_16zu9.mpg	IhreGedanken.jpg
1242	InnereAndacht 04 A	00:56:30	MED	03.05.2026 08:00:30	Innere Andacht	Originalaufzeichnung aus der Schulungsreihe "Die großen kosmischen Lehren des Jesus von Nazareth an Seine Apostel und Jünger, die es fassen konnten", Folge 4: Der innere Reichtum ist das Reich Gottes in uns.	SNJ	False	False	False	False	False	False	False	DE_MED_InnereAndacht_04_NeuAltErsetzen2_16zu9.mpg	InnereAndacht.jpg
1249	JugendProphet 08 A	00:21:00	LES	03.05.2026 09:05:00	Der Jugendliche und der Prophet (8)	Lesung aus einem Gespräch mit Gabriele, der Prophetin und Botschafterin des Ewigen Reiches, Folge 8	SNJ	False	False	False	False	False	False	False	DE_LES_JugendProphet_08_2026_16zu9.mpg	JugendProphet.jpg
1257	FGE VerbindeSei 14 ABB	00:07:00	GR-ALLG	03.05.2026 09:35:00	Freie Gemeinschaften - Verbinde und Sei: Reinkarnation - Eine Gnadengabe des Lebens	Kurzsendung unter dem Motto „Wir sind die Freien Gemeinschaften – verbinde und sei“, heute unter anderem zum Thema „Reinkarnation - Eine Gnadengabe des Lebens“	SNJ	False	False	False	False	False	False	False	DE_FGE_Les_14Reinkarnation_16zu9.mpg	FGE VerbindeSei.jpg
1260	FestFamilieOstern26	01:03:30	GR-ALLG	03.05.2026 09:45:00	Christus, der Auferstandene, kam aus Liebe zur ganzen Schöpfung	Fest der Familie Gottes auf Erden - eine Aufzeichnung aus der Sophia-Bibliothek, dem Zentrum des Freien Geistes für alle Kulturen weltweit, an Ostern 2026	SNJ	False	False	False	False	False	False	False	DE_SON_Ostern26_NAE.mpg	FestFamilieApr26.jpg
1265	TiereHierZuHause 01	00:14:30	REP	03.05.2026 11:00:30	"Wir sind hier zu Hause"	Tiere auf dem Land des Friedens - Folge 1	SNJ	False	False	False	False	False	False	False	DE_DOK_TiereHierZuHause_01_NAE_16zu9.mpg	TiereHierZuHause.jpg
1266	Großinquisitor 1	00:18:30	LES	03.05.2026 11:15:00	Der Großinquisitor - Teil 1	Lesung einer Erzählung aus dem Roman "Die Brüder Karamasow" von Fjodor M. Dostojewski. Teil 1	SNJ	False	False	False	False	False	False	False	DE_LES_DerGrossinquisitor_01_16zu9.mpg	Großinquisitor.jpg
1268	Großinquisitor 2	00:23:30	LES	03.05.2026 11:35:00	Der Großinquisitor - Teil 2	Lesung einer Erzählung aus dem Roman "Die Brüder Karamasow" von Fjodor M. Dostojewski. Teil 2	SNJ	False	False	False	False	False	False	False	DE_LES_DerGroßinquisitor_02_16zu9.mpg	Großinquisitor.jpg
1270	Großinquisitor 3	00:33:30	LES	03.05.2026 12:00:30	Der Großinquisitor - Teil 3	Lesung einer Erzählung aus dem Roman "Die Brüder Karamasow" von Fjodor M. Dostojewski. Teil 3	SNJ	False	False	False	False	False	False	False	DE_LES_DerGroßinquisitor_03_16zu9.mpg	Großinquisitor.jpg
1276	Urgesteinsmehl	00:15:00	REP	03.05.2026 12:40:00	Eine neue Landwirtschaft für die Neue Zeit	Dokumentation über eine neue Landwirtschaft im Einklang mit der Natur. Heute: Urgesteinsmehl - Nahrung für unsere Felder	SNJ	False	False	False	False	False	False	False	DE_DOK_LandUrgesteinsmehl_NAE2_16zu9.mpg	Landwirtschaft 1.jpg
1283	SchuleLeben 06 A	00:46:30	GR-LEB	03.05.2026 13:00:30	Die wahre Schule ist das Leben	Lehrstunden aus der göttlichen Weisheit - heute mit dem Thema: Lerne mit der Natur und den Tieren zu leben, dann lernst du dich besser verstehen und auch deinen Nächsten.	SNJ	False	False	False	False	False	False	False	DE_DWS_06NaturUndtiere_NAE_16zu9.mpg	SchuleLeben 02.jpg
1287	ImGespräch 10	00:57:30	GR-ALLG	03.05.2026 14:00:00	Im Gespräch mit... zum Thema: "Artenvielfalt retten - wie?"	Im Interview kommen namhafte Experten zu Wort. Heute: Prof. Peter Berthold, Ornithologe, zum Thema: "Artenvielfalt retten - wie?"	SNJ	False	False	False	False	False	False	False	DE_GR_GesprBerthold2022_NAE_16zu9.mpg	ImGespraech-06.jpg
1289	FestFamilieOstern26	01:03:30	GR-ALLG	03.05.2026 15:00:00	Christus, der Auferstandene, kam aus Liebe zur ganzen Schöpfung	Fest der Familie Gottes auf Erden - eine Aufzeichnung aus der Sophia-Bibliothek, dem Zentrum des Freien Geistes für alle Kulturen weltweit, an Ostern 2026	SNJ	False	False	False	False	False	False	False	DE_SON_Ostern26_NAE.mpg	FestFamilieApr26.jpg
1294	UrchristlicherStrom 02 A	00:54:30	GR-ALLG	03.05.2026 16:15:00	Das prophetische Wort im urchristlichen Strom - heute und zu allen Zeiten	Gesprächsrunde zum Thema "Das prophetische Wort im urchristlichen Strom - heute und zu allen Zeiten und der Versuch der Ausmerzung der Urgemeinden, der Nachfolger des Jesus von Nazareth" Teil 2	SNJ	False	False	False	False	False	False	False	DE_SON_UrchristlicherStrom_02_16zu9.mpg	UrchristlicherStrom.jpg
1299	FGE VerbindeSei 13 ABB	00:07:00	GR-ALLG	03.05.2026 17:15:00	Freie Gemeinschaften - Verbinde und Sei: Lebe den Augenblick - und Du siehst und erkennst Dich	Kurzsendung unter dem Motto „Wir sind die Freien Gemeinschaften – verbinde und sei“, heute unter anderem zum Thema „Lebe den Augenblick - und Du siehst und erkennst Dich“	SNJ	False	False	False	False	False	False	False	DE_FGE_Les_13LebeAugenblick_16zu9.mpg	FGE VerbindeSei.jpg
1302	InnererWeg 16	00:27:30	GR-LEB	03.05.2026 17:25:00	Der Innere Weg zum kosmischen Bewusstsein	Lesung über den Christus-Gottes-Weg, hin zu einer höheren Kultur und einem friedvollen Menschentum. Mit praktischen Übungen. Heute: Grundstufe der Ordnung - Folge 16: Aufmunterung für den Inneren Weg - Zusammenfassung.	SNJ	False	False	False	False	False	False	False	DE_GR-IW_InnereWeg2024_16_16zu9.mpg	InnererWeg.jpg
1311	Handschreiben 02	00:23:00	KIND	03.05.2026 18:00:55	Liobanischule - Heute lernen wir von Hand schreiben	Diese Sendereihe aus der Liobanischule richtet sich an Kinder und lehrt spielerisch das Schreiben von Hand, heute die Folge 2: B-a-u-m	SNJ	False	False	False	False	False	False	False	DE_GEKK_HandSchreiben_02_16zu9.mpg	VonHandschreiben.jpg
1313	LichtUSchatten 2KiZ	00:09:00	KIND	03.05.2026 18:27:00	Liobani - Die Schule für Neu Jerusalem II	In der Sendereihe für Kinder und Eltern "Liobani - Die Schule für Neu Jerusalem, für eine andere Zeit im Zeichen des Christus Gottes der Gottes- und Nächstenliebe" geht es heute um "Licht und Schatten in Seele und Mensch", aus dem zweiten Band von Liobani.	SNJ	False	False	False	False	False	False	False	DE_LIOS_2KiZ-02LichtUSchatten_NEU1_16zu9.mpg	Liobanischule.jpg
1314	SichSelbstFinden 2KiZ	00:12:30	KIND	03.05.2026 18:35:00	Liobani - Die Schule für Neu Jerusalem II	In der Sendereihe für Kinder und Eltern "Liobani - Die Schule für Neu Jerusalem, für eine andere Zeit im Zeichen des Christus Gottes der Gottes- und Nächstenliebe" geht es heute um das Thema "Sich selbst finden", aus dem zweiten Band von Liobani.	SNJ	False	False	False	False	False	False	False	DE_LIOS_2KiZ-08SichSelbstFinden_NAE_16zu9.mpg	Liobanischule.jpg
1322	GottVater Ostern25	00:27:00	OFF	03.05.2026 19:00:00	Das Wort Gott-Vaters an die Menschheit, gegeben an Ostern 2025	Gott-Vater offenbarte sich in der Stammgemeinde des Herrn für den Aufbau des Friedensreiches des Christus Gottes an Ostern 2025, dem Jahr 2 des messianischen, sophianischen Zeitalters 	SNJ	False	False	False	False	False	False	False	DE_OFF_VaterOstern25_16zu9.mpg	Pfingstoff-2009.jpg
1324	Gemeinschaften 14 A	00:22:00	GR-ALLG	03.05.2026 19:30:30	Die freien Gemeinschaften im Zeichen der Lilie	Schulung für die freien Gemeinschaften im Zeichen der Lilie, heute zum Thema: Ich bete an die Macht der Liebe	SNJ	False	False	False	False	False	False	False	DE_FGE_Gemeinschaften_14_16zu9.mpg	Gemeinschaften.jpg
1330	LilieFusion	01:13:30	LES	03.05.2026 20:00:30	Das Lilienzeitalter Sophia - Der Geist der Wahrheit, der Geist der Fusion	"Das Lilienzeitalter Sophia - Die Weisheit Gottes, der Geist der Wahrheit, der Geist der Fusion: Geist aus Seinem Geiste, Liebe aus Seiner Liebe". Eine Schulung, gegeben von Gabriele, der Prophetin und Botschafterin des Ewigen Reiches im September 2019.	SNJ	False	False	False	False	False	False	False	DE_LES_LilieGeistFusion_NeuAltErsetzen6 16zu9.mpg	LilieFusion.jpg
1334	BetenEinheit	00:34:30	MED	03.05.2026 21:20:30	Beten in der Einheit - für die Einheit	Gebetsmeditation, gegeben von Gabriele, der Prophetin und Botschafterin des Ewigen Reiches, am 09.01.2004. 	SNJ	False	False	False	False	False	False	False	DE_MED_CH72BetenEinheit_16zu9.mpg	BetenEinheit.jpg
1337	FestFamilieOstern26	01:03:30	GR-ALLG	03.05.2026 22:00:30	Christus, der Auferstandene, kam aus Liebe zur ganzen Schöpfung	Fest der Familie Gottes auf Erden - eine Aufzeichnung aus der Sophia-Bibliothek, dem Zentrum des Freien Geistes für alle Kulturen weltweit, an Ostern 2026	SNJ	False	False	False	False	False	False	False	DE_SON_Ostern26_NAE.mpg	FestFamilieApr26.jpg
1343	BotschaftAll 01 A	00:38:30	LES	03.05.2026 23:15:00	Das Ewige Reich "Entweder für Mich oder gegen Mich"	Offenbarung des Christus Gottes, gegeben durch Gabriele, die Prophetin und Botschafterin des Ewigen Reiches am 14.06.1980 in Augsburg. Lesung aus dem Zelt Gottes für alle Menschen.	SNJ	False	False	False	False	False	False	False	DE_LES_ZeltOFFBaendeEwigesReich_01_NeuAltErsetzen_16zu9.mpg	BotschaftAusDemAll 01.JPG