id	RsmmID	Titel	Serie	Länge	Sendezeit	Titel_Sprache	Beschreibung_Sprache	Block	MO	DI	MI	DO	FR	SA	SO	Bild
1	43840	Gemeinschaften 13	FGE	00:15:30	22.06.2026 00:00:00	As Comunidades Livres Sob o Signo do Lírio. Tema: "Onde Quer Que Estejam Reunidos"	As Comunidades Livres Sob o Signo do Lírio. Tema: "Onde Quer Que Estejam Reunidos"		False	False	False	False	False	False	False	PT_FGE_13.jpg
9	47460	GemeindeSlo Mai2026	SON	01:22:00	22.06.2026 00:26:30	Minhas Ovelhas Conhecem a Minha Voz	Encontro de todos os buscadores de Deus no Centro de Reunião na Eslovênia, conectados a Comunidade Central do Senhor para a edificação do Reino da Paz do Cristo de Deus em maio de 2026, o 3º ano da Era Messiânica e Sofiânica		False	False	False	False	False	False	False	PT_GemeindeSlowenia.jpg
11	38113	SchuleLeben 23	DWS	00:21:30	22.06.2026 01:51:00	A Verdadeira Escola é a Vida. Horas de Ensino a partir da sabedoria Divina	A Verdadeira Escola é a Vida. Horas de Ensino a partir da sabedoria Divina: A Lei da Correspondência		False	False	False	False	False	False	False	DWS-PT_00B.jpg
14	14100	Sternstunden 02	MED	00:30:30	22.06.2026 02:19:30	Horas estelares com Gabriele. Liberdade, Amor e Unidade	Horas estelares com Gabriele. Liberdade, Amor e Unidade		False	False	False	False	False	False	False	ErlebeDieEinheit.jpg
17	33706	DuBistWer	LES-ZELT	01:17:00	22.06.2026 02:52:30	Para o presente ou para o tempo depois do tempo: Você é Alguém! Quem é Você?	Para o presente ou para o tempo depois do tempo: Você é Alguém! Quem é Você?		False	False	False	False	False	False	False	DuBistWer.jpg
18	26304	RufGabriele 4 Herzensanliegen	SON	00:07:30	22.06.2026 04:09:30	A Chamada de Gabriele 04 – Gabriele Oração Um desejo do coração	A Chamada de Gabriele 04 – Gabriele Oração Um desejo do coração		False	False	False	False	False	False	False	Lilie.jpg
24	42187	BetenEinheit	MED	00:34:30	22.06.2026 04:22:00	Meditação de Oração. Orando em unidade - pela unidade	Meditação de Oração. Orando em unidade - pela unidade		False	False	False	False	False	False	False	Glockenblume.jpg
26	33158	BotschaftAusDemAll 01	LES	00:38:30	22.06.2026 05:00:30	O Reino Eterno "Ou Por Mim ou Contra Mim" Uma leitura de uma revelação do Cristo de Deus dada através de Gabriele, a profetisa e emissária de Deus no dia 14 Junho de 1980 na cidade de Augsburg, Alemanha	O Reino Eterno "Ou Por Mim ou Contra Mim" Uma leitura de uma revelação do Cristo de Deus dada através de Gabriele, a profetisa e emissária de Deus no dia 14 Junho de 1980 na cidade de Augsburg, Alemanha		False	False	False	False	False	False	False	ZellOFFBd.jpg
28	40513	Pflanzensude	DOK	00:20:30	22.06.2026 05:43:00	A nova agricultura para a nova era	Poção de plantas - fortalecimento líquido para o campo		False	False	False	False	False	False	False	PflanzenSude (2).jpg
31	13921	Planeten 2	FILM	00:47:00	22.06.2026 06:10:00	O planeta Terra: A floresta tropical	O planeta Terra: A floresta tropical		False	False	False	False	False	False	False	Planeten-2.jpg
34	43809	RückkehrSophia 1	LES	01:01:00	22.06.2026 07:02:00	O Retorno de Sophia, a Sabedoria Divina, para a Morada Eterna do Pai. Parte 1	O Retorno de Sophia, a Sabedoria Divina, para a Morada Eterna do Pai. Parte 1		False	False	False	False	False	False	False	PT_Rückkehr.jpg
37	23320	Klassik Seele 41a_23	KONZ1	00:23:00	22.06.2026 08:07:30	Classics for the Soul. Santec Music Orchestra	Classics for the Soul - Allegro and Adagio from the Sinfonia Concertante for flute, clarinet, horn, bassoon and orchestra in ES major KV 297b by Wolfgang Amadeus Mozart (Sept.2014)		False	False	False	False	False	False	False	KlassikSeele.jpg
38	36891	10 Gebote 1	LES	00:29:00	22.06.2026 08:30:30	Os Dez Mandamentos de Deus	Os Dez Mandamentos de Deus - Interpredados com as palavras dos tempos de hoje. 1ª parte		False	False	False	False	False	False	False	PT_ZehnGebote.jpg
41	45230	GottVater Sept25	OFF	00:33:00	22.06.2026 09:03:00	Deus-Pai revela-se. Na Comunidade Central do Senhor para a Edificação do Reino da Paz do Cristo de Deus. No dia 06 de setembro de 2025, no ano 2 da Era Messiânica e Sofiânica	Deus-Pai revela-se. Na Comunidade Central do Senhor para a Edificação do Reino da Paz do Cristo de Deus. No dia 06 de setembro de 2025, no ano 2 da Era Messiânica e Sofiânica		False	False	False	False	False	False	False	PT_OFF_GottVaterSept2025_Bearb.jpg
43	47493	Pfingsten 2026	SON	01:30:00	22.06.2026 09:39:30	"Pentecostes, o Deus que fala - para a vida em todo o Ser".  	A Comunidade Central do Senhor para a edificação do Reino da Paz do Cristo de Deus convida para o Encontro da Comunidade Cristã Original		False	False	False	False	False	False	False	PT_Pfingsten26.jpg
50	35760	SchuleLeben 12	DWS	00:27:00	22.06.2026 11:17:00	Aprendemos a Focar	A Verdadeira Escola é a Vida. Horas de Ensino a partir da sabedoria Divina		False	False	False	False	False	False	False	Blume_Fokusieren.jpg
52	29025	InnereAndacht 08	MED	00:51:00	22.06.2026 11:47:30	Devocional Interior, 8ª Parte	O Todo-Princípio: Emitir e Receber		False	False	False	False	False	False	False	InnereAndacht_PT_Neu.jpg
54	39760	AllesKommunikation2 WEB	LES	01:09:30	22.06.2026 12:41:30	A Idade Messiânca, Sofiânica. Tudo é Comunicação	A Idade Messiânca, Sofiânica. Tudo é Comunicação		False	False	False	False	False	False	False	ChristusInUns.jpg
57	45043	UrchristlicherStrom 01	SON	00:53:00	22.06.2026 13:54:30	A palavra profética na corrente Cristã Original - hoje e em todos os tempos - e a tentativa de erradicar as Comunidades Originais, os seguidores de Jesus de Nazaré. Parte 1	A palavra profética na corrente Cristã Original - hoje e em todos os tempos - e a tentativa de erradicar as Comunidades Originais, os seguidores de Jesus de Nazaré. Parte 1		False	False	False	False	False	False	False	PT_UrchristlicheStromT1.jpg
62	45521	KeinTod06Jan2026	SON	00:30:30	22.06.2026 14:50:30	Um programa atemporal sobre o irromper da palavra eterna em nosso tempo 	Não há morte - O Serafim da sabedoria divina		False	False	False	False	False	False	False	PT_KeinTod6Januar.jpg
64	47071	Gabriele März26	OFF	00:22:30	22.06.2026 15:26:30	O Serafim da Sabedoria Divina deu uma revelação na Comunidade Central do Senhor para a edificação do Reino da Paz do Cristo de Deus em março de 2026, o 3. ano da era messiânica e sofiânica	O Serafim da Sabedoria Divina deu uma revelação na Comunidade Central do Senhor para a edificação do Reino da Paz do Cristo de Deus em março de 2026, o 3. ano da era messiânica e sofiânica		False	False	False	False	False	False	False	GabrieleMärz26_3.jpg
66	47070	Christus März26	OFF	00:18:30	22.06.2026 15:55:00	O Cristo de Deus deu uma revelação na Comunidade Central do Senhor para a edificação do Reino da Paz do Cristo de Deus em março de 2026, o 3. ano da era messiânica e sofiânica	O Cristo de Deus deu uma revelação na Comunidade Central do Senhor para a edificação do Reino da Paz do Cristo de Deus em março de 2026, o 3. ano da era messiânica e sofiânica		False	False	False	False	False	False	False	ChristusMärz26.jpg
72	41756	FGE VS Les 04 SieSindNiAllein	FGE	00:05:00	22.06.2026 16:20:30	Nós somos as Comunidades Livres - Una e seja (4)	Você não está sózinho		False	False	False	False	False	False	False	PT_FGE-VS.jpg
76	33445	BotschaftAusDemAll 02 GolgathaOpfer	LES	01:04:30	22.06.2026 16:36:00	O Reino Eterno. O Profundo Significado do Sacrifício no Calvário	O Reino Eterno. O Profundo Significado do Sacrifício no Calvário		False	False	False	False	False	False	False	KreuzZeltMitGoldenePalmen.jpg
77	27222	RufGabriele 6 DerRuf	SON	00:13:00	22.06.2026 17:40:30	A Chamada de Gabriele 06 - A Chamada do Cristo de Deus	A Chamada de Gabriele 06 - A Chamada do Cristo de Deus		False	False	False	False	False	False	False	Ruf-6.jpg
82	43521	AuflösungFormen 1	SON	00:55:00	22.06.2026 17:58:30	Os preparativos para a dissolução de todas as formas condensadas e o retorno do Cristo de Deus. Parte 1	1a. Parte: Convulsões cósmicas de magnitudes inimagináveis que virão sobre a humanidade. 		False	False	False	False	False	False	False	PT_Aufloesung.jpg
86	34120	Bergpredigt 07	LES	00:27:00	22.06.2026 18:58:30	O Sermão da Montanha de Jesus de Nazaré. Parte 7	O Sermão da Montanha de Jesus de Nazaré. Parte 7		False	False	False	False	False	False	False	Berg_PT-00.jpg
93	40683	SaatUndErnte3 2KiZ	LIOS	00:14:00	22.06.2026 19:32:00	Liobani: Qual o significado da lei de semente e colheita?	Liobani: Qual o significado da lei de semente e colheita? A escola a para Nova Jerusalém para um tempo diferente no signo do Cristo de Deus, do amor a Deus e ao próximo		False	False	False	False	False	False	False	EntschprecungJPG.jpg
95	40621	Brottrunk	DOK	00:23:30	22.06.2026 19:46:30	A nova agricultura para a nova era	Fermentado de pão - fortalecimento natural para o solo		False	False	False	False	False	False	False	Brot.jpg
98	44383	Nachruhm	LES	00:24:30	22.06.2026 20:15:30	Leitura do: "Memória Pósthuma" de Manfred Kyber	Leitura do: "Memória Pósthuma" de Manfred Kyber		False	False	False	False	False	False	False	PT_Nachrum.jpg
101	27921	InnererWeg 18	GR-IW	00:26:30	22.06.2026 20:44:00	O Caminho Interior à Consciência Cósmica. Nivel Básico da Ordem. Parte 18	O Caminho Interior à Consciência Cósmica. Nivel Básico da Ordem. Parte 18		False	False	False	False	False	False	False	IW_PT.jpg
104	29045	Sternstunden 07	MED	00:41:30	22.06.2026 21:17:30	Horas estelares com Gabriele. Caminhar ao Interior - À Fonte do Eterno Amor e Força	Horas estelares com Gabriele. Caminhar ao Interior - À Fonte do Eterno Amor e Força		False	False	False	False	False	False	False	Sternstunden-08.jpg
110	35322	SchuleLeben 04	DWS	00:20:30	22.06.2026 22:04:00	A Verdadeira Escola é a Vida. Horas de Ensino a partir da sabedoria Divina:	A Verdadeira Escola é a Vida. Horas de Ensino a partir da sabedoria Divina: "Cada pessoa forja o seu destino"		False	False	False	False	False	False	False	DWS.jpg
112	45345	Christus Nov25	OFF	00:22:30	22.06.2026 22:25:00	Revela-Se o Cristo de Deus durante o Encontro da Comunidade Central do Senhor para a Vinda do Cristo de Deus	No dia 8 de nevombro, ano 2 da Era Messiânica e Sofiânica		False	False	False	False	False	False	False	ChristusAbbildUndTische.jpg
114	14085	JederAtemzug	MED	00:30:00	22.06.2026 22:52:00	Meditacão: Cada respiração é a presença de Deus	Meditacão: Cada respiração é a presença de Deus		False	False	False	False	False	False	False	JederAtemzug.jpg
116	29960	Klassik Seele 52B_33	KONZ1	00:32:30	22.06.2026 23:24:30	Classics for the Soul. Santec Music Orchestra	Valse brillante Nr. 1 von F. Chopin, Allegro moderato aus Argeggione-Sonata von F. Schubert, Streicherserenade in E-Dur von A. Dvorak,  Larghetto aus Klavierkonzert Nr. 1 von F. Chopin, Moment musical Nr. 3 von F. Schubert  (Jul. 2016)		False	False	False	False	False	False	False	KlassikSeele.jpg
118	43523	AuflösungFormen 3	SON	00:53:00	23.06.2026 00:00:30	3a Parte. Os preparativos para a dissolução de todas as formas condensadas e o retorno do Cristo de Deus	3a Parte: O retorno dos filhos de Deus – de volta para a unidade de toda a vida e para o amor eterno		False	False	False	False	False	False	False	PT_Aufloesung.jpg
121	14082	Zuversicht 2	MED	00:10:00	23.06.2026 00:58:00	Confiança: Um Ganho de Vida	Confiança: Um Ganho de Vida		False	False	False	False	False	False	False	Löwenzahn.jpg
123	33781	ChristusInUns	MED	00:37:30	23.06.2026 01:09:00	Meditação de Oração. Nós nos voltamos para Cristo em nós	Meditação de Oração. Nós nos voltamos para Cristo em nós		False	False	False	False	False	False	False	PT_CH92_ChristusInUns.jpg
127	35373	BotschaftAusDemAll 06 Webstuhl	LES	00:26:30	23.06.2026 01:51:00	O Reino Eterno: "A  Alma como um Tear - Você Tece os Seus Sentimentos, Pensamentos, Palavras e Atos Nele" Uma leitura de uma revelação do Cristo de Deus dada através de Gabriele, a profetisa e emissária do Reino Eterno, no dia 5 de agosto de 1988 em Würzburg, Alemanha	Uma leitura de uma revelação do Cristo de Deus dada através de Gabriele, a profetisa e emissária do Reino Eterno		False	False	False	False	False	False	False	ZellOFFBd.jpg
130	42230	FGE VS Les 11 Vaterworte	FGE	00:07:00	23.06.2026 02:24:00	Nós somos as Comunidades Livres - Una e seja (11)	 Palavras do Pai para você também		False	False	False	False	False	False	False	PT_FGE-VS.jpg
133	27921	InnererWeg 18	GR-IW	00:26:30	23.06.2026 02:35:30	O Caminho Interior à Consciência Cósmica. Nivel Básico da Ordem. Parte 18	O Caminho Interior à Consciência Cósmica. Nivel Básico da Ordem. Parte 18		False	False	False	False	False	False	False	IW_PT.jpg
135	35454	SchuleLeben 08	DWS	00:29:30	23.06.2026 03:05:00	Felicidade e saúde estão nas tuas mãos	A Verdadeira Escola é a Vida. Horas de Ensino a partir da sabedoria Divina		False	False	False	False	False	False	False	DieWahreSchule.jpg
140	39327	Herzensgebete	MED	00:13:00	23.06.2026 03:37:30	Meditação de Oração	Orações de coração são nutrimento para a alma		False	False	False	False	False	False	False	PT_Herzensgebete.jpg
146	41960	Lilienzeitalter1 4Entwicklungseb. Teil 1 WEB	LES	00:55:30	23.06.2026 03:57:30	A Idade do Lírio, Sofia, a Sabedoria de Deus. Os Quatro planos de Desenvolvimento, o Berço da Evolução para a Filiação de Deus. Parte 1	A Idade do Lírio, Sofia, a Sabedoria de Deus. Os Quatro planos de Desenvolvimento, o Berço da Evolução para a Filiação de Deus. Parte 1		False	False	False	False	False	False	False	DuSollstNichtToeten.jpg
150	33894	Bergpredigt 03	LES	00:28:00	23.06.2026 04:55:00	O Sermão da Montanha de Jesus de Nazaré. Parte 3	O Sermão da Montanha de Jesus de Nazaré. Parte 3		False	False	False	False	False	False	False	Berg_PT-00.jpg
152	47460	GemeindeSlo Mai2026	SON	01:22:00	23.06.2026 05:26:00	Minhas Ovelhas Conhecem a Minha Voz	Encontro de todos os buscadores de Deus no Centro de Reunião na Eslovênia, conectados a Comunidade Central do Senhor para a edificação do Reino da Paz do Cristo de Deus em maio de 2026, o 3º ano da Era Messiânica e Sofiânica		False	False	False	False	False	False	False	PT_GemeindeSlowenia.jpg
157	28553	Gemeinschaften 06	FGE	00:28:30	23.06.2026 06:51:00	As Comunidades Livres Sob o Signo do Lírio. Tema: O amor de Deus para com os seres humnanos e para com toda criatura	As Comunidades Livres Sob o Signo do Lírio. Tema: O amor de Deus para com os seres humnanos e para com toda criatura		False	False	False	False	False	False	False	Lilie.jpg
159	30825	InnereAndacht 19	MED	01:00:00	23.06.2026 07:22:00	Devocional Interior, 19ª Parte 	Experimente a Proximidade de Deus no Silêncio Interior		False	False	False	False	False	False	False	PT_InnereAndacht19_bearb.jpg
162	35396	BotschaftAusDemAll 05	LES	00:24:30	23.06.2026 08:30:30	O Reino Eterno: "Use o tempo precioso!" Uma leitura de uma revelação do Cristo de Deus dada através de Gabriele, a profetisa e emissária do Reino Eterno, no dia 4 de março de 1988 em Würzburg, Alemanha	Leitura de uma revelação do Cristo de Deus "Use o Tempo Precioso", dado através de Gabriele, a profetisa e emissária do Reino Eterno, no dia 4 de março de 1988 em Würzburg, Alemanha.		False	False	False	False	False	False	False	ChristusErlösung.jpg
165	43492	FGE VS Les 23 TrostNotLeid	FGE	00:07:00	23.06.2026 09:00:30	Nós somos as Comunidades Livres - Una e seja (23)	Consolação na necessidade e no sofrimento		False	False	False	False	False	False	False	PT_FGE-VS.jpg
167	43493	FGE VS Les 24 WorteDesLebens2	FGE	00:08:00	23.06.2026 09:11:00	Nós somos as Comunidades Livres - Una e seja (24)	Palavras de Vida 2		False	False	False	False	False	False	False	PT_FGE-VS.jpg
169	40334	SchuleLeben 27	DWS	00:28:00	23.06.2026 09:20:30	A Verdadeira Escola é a Vida. Horas de Ensino a partir da sabedoria Divina: "O amor a Deus e ao próximo leva à consciência da unidade"	A Verdadeira Escola é a Vida. Horas de Ensino a partir da sabedoria Divina: "O amor a Deus e ao próximo leva à consciência da unidade"		False	False	False	False	False	False	False	DWS-PT_01.jpg
172	41662	FGE VerbindeSei 02	FGE	00:10:00	23.06.2026 09:55:30	Nós somos as Comunidades Livres - Una e seja (2)	Sua Palavra – Presença Eterna		False	False	False	False	False	False	False	PT_FGE-VS.jpg
175	26010	RufGabriele 2 DieErscheinung	SON	00:20:30	23.06.2026 10:08:30	A Chamada de Gabriele 02 - A aparição - A Idade Messiânica e Sofiânica do Lírio,O amor a Deus e ao Próximo	A Chamada de Gabriele 02 - A aparição - A Idade Messiânica e Sofiânica do Lírio,O amor a Deus e ao Próximo		False	False	False	False	False	False	False	Lilie.jpg
177	25244	Klassik Seele 50a_26	KONZ1	00:25:30	23.06.2026 10:33:00	Classics for the Soul. Santec Music Orchestra	Classic Soul 50a		False	False	False	False	False	False	False	KlassikSeele.jpg
178	29977	InnereAndacht 16	MED	00:54:00	23.06.2026 10:58:30	Devocional Interior, 16ª Parte	O silêncio é a verdadeira vida		False	False	False	False	False	False	False	PT_InnereAndacht_16.jpg
180	36075	MachtDerLiebe	LES	01:12:00	23.06.2026 11:56:30	Eu Oro ao Poder de Amor	"Eu Oro ao Poder de Amor", a leitura de uma revelação de Cristo a partir do Reino Eterno através da profetisa e enviada do Reino Eterno, Gabriele, dado em setembro de 2021		False	False	False	False	False	False	False	GPH_00.jpg
187	27921	InnererWeg 18	GR-IW	00:26:30	23.06.2026 13:12:30	O Caminho Interior à Consciência Cósmica. Nivel Básico da Ordem. Parte 18	O Caminho Interior à Consciência Cósmica. Nivel Básico da Ordem. Parte 18		False	False	False	False	False	False	False	IW_PT.jpg
193	33566	WoherAngst	MED	00:23:00	23.06.2026 13:43:30	De Onde Vem o Nosso Temor?	Meditação de oração para a introspecção - De Onde Vem o Nosso Temor?		False	False	False	False	False	False	False	WoherAngst.jpg
198	40731	Zellenstaat NEU	MED	00:26:00	23.06.2026 14:09:00	Meditação. O Estado Celular	Meditação. O Estado Celular		False	False	False	False	False	False	False	Zellenstaat.jpg
200	47493	Pfingsten 2026	SON	01:30:00	23.06.2026 14:41:00	"Pentecostes, o Deus que fala - para a vida em todo o Ser".  	A Comunidade Central do Senhor para a edificação do Reino da Paz do Cristo de Deus convida para o Encontro da Comunidade Cristã Original		False	False	False	False	False	False	False	PT_Pfingsten26.jpg
204	44884	Evolutionsweg 2KiZ	LIOS	00:10:30	23.06.2026 16:16:00	Liobani: O caminho da evolução. 	Liobani: O caminho da evolução. A escola a para Nova Jerusalém para um tempo diferente no signo do Cristo de Deus, do amor a Deus e ao próximo		False	False	False	False	False	False	False	LiobaniZeichungSonnentanz.jpg
209	38715	SterbenLeben 01	LES	00:18:00	23.06.2026 16:30:30	Agora chega! Cada um morre por si só - como? 	O viver e morrer para continuar a viver. Parte 1 		False	False	False	False	False	False	False	DuLebstNichtEin.jpg
211	38716	SterbenLeben 02	LES	00:22:30	23.06.2026 16:50:30	Parte 2 Agora chega! Cada um morre por si só - como? 	O viver e morrer para continuar a viver. Parte 2 		False	False	False	False	False	False	False	DuLebstNichtEin.jpg
213	34738	Selbsterforschtes 01	MED	00:05:00	23.06.2026 17:15:30	"Auto-analisado e Experimentado" de Gabriele. Parte 1	"Auto-analisado e Experimentado" de Gabriele. Parte 1		False	False	False	False	False	False	False	ErlebeDieEinheit.jpg
214	27921	InnererWeg 18	GR-IW	00:26:30	23.06.2026 17:20:30	O Caminho Interior à Consciência Cósmica. Nivel Básico da Ordem. Parte 18	O Caminho Interior à Consciência Cósmica. Nivel Básico da Ordem. Parte 18		False	False	False	False	False	False	False	IW_PT.jpg
219	23430	DasIstMeinWort 05	LES	00:28:30	23.06.2026 17:50:00	Esta é a Minha Palavra, A e Ω. Capítulo 21: "Jesus repreende a crueldade contra um cavalo"	Esta é a Minha Palavra, A e Ω. Capítulo 21: "Jesus repreende a crueldade contra um cavalo"		False	False	False	False	False	False	False	PT_DasIStMeinWort2.jpg
223	45344	Christus Okt25	OFF	00:32:00	23.06.2026 18:25:00	O Cristo de Deus se revelou na Comunidade Central do Senhor para a edificação do Reino da Paz do Cristo de Deus	Em 3 de outubro de 2025, ano 2 da Era Messiânica e Sofiânica		False	False	False	False	False	False	False	ChristusAbbildZelt.jpg
226	36075	MachtDerLiebe	LES	01:12:00	23.06.2026 19:03:00	Eu Oro ao Poder de Amor	"Eu Oro ao Poder de Amor", a leitura de uma revelação de Cristo a partir do Reino Eterno através da profetisa e enviada do Reino Eterno, Gabriele, dado em setembro de 2021		False	False	False	False	False	False	False	GPH_00.jpg
231	41009	Zelt GottHeilt 03 WEB	LES-ZELT	00:24:30	23.06.2026 20:17:30	Uma leitura do livro "Deus Cura" de Gabriele. Parte 3. Desde o Arco da Aliança do Espírito Livre, desde a Tenda de Deus, a palavra eterna vem diretamente a nós	Uma leitura do livro "Deus Cura" de Gabriele. Parte 3. Desde o Arco da Aliança do Espírito Livre, desde a Tenda de Deus, a palavra eterna vem diretamente a nós		False	False	False	False	False	False	False	GottHeilt.jpg
233	41010	Zelt GottHeilt 04 WEB	LES-ZELT	00:24:30	23.06.2026 20:45:30	Uma leitura do livro "Deus Cura" de Gabriele. Parte 4. Desde o Arco da Aliança do Espírito Livre, desde a Tenda de Deus, a palavra eterna vem diretamente a nós	Uma leitura do livro "Deus Cura" de Gabriele. Parte 4. Desde o Arco da Aliança do Espírito Livre, desde a Tenda de Deus, a palavra eterna vem diretamente a nós		False	False	False	False	False	False	False	GottHeilt.jpg
236	40167	SoWieIhrGebt Neu	MED	00:32:00	23.06.2026 21:13:30	Meditação de Oração. Tal como vós dais, assim vos será dado	Meditação de Oração. Tal como vós dais, assim vos será dado		False	False	False	False	False	False	False	Wassertropf.jpg
240	42232	FGE VS Les 13 LebeAugenblick	FGE	00:07:00	23.06.2026 21:51:30	Nós somos as Comunidades Livres - Una e seja (13)	Viva o Instante – e você se vê e se reconhece		False	False	False	False	False	False	False	PT_FGE-VS.jpg
246	27921	InnererWeg 18	GR-IW	00:26:30	23.06.2026 22:02:30	O Caminho Interior à Consciência Cósmica. Nivel Básico da Ordem. Parte 18	O Caminho Interior à Consciência Cósmica. Nivel Básico da Ordem. Parte 18		False	False	False	False	False	False	False	IW_PT.jpg
249	47460	GemeindeSlo Mai2026	SON	01:22:00	23.06.2026 22:33:00	Minhas Ovelhas Conhecem a Minha Voz	Encontro de todos os buscadores de Deus no Centro de Reunião na Eslovênia, conectados a Comunidade Central do Senhor para a edificação do Reino da Paz do Cristo de Deus em maio de 2026, o 3º ano da Era Messiânica e Sofiânica		False	False	False	False	False	False	False	PT_GemeindeSlowenia.jpg
252	47071	Gabriele März26	OFF	00:22:30	24.06.2026 00:00:30	O Serafim da Sabedoria Divina deu uma revelação na Comunidade Central do Senhor para a edificação do Reino da Paz do Cristo de Deus em março de 2026, o 3. ano da era messiânica e sofiânica	O Serafim da Sabedoria Divina deu uma revelação na Comunidade Central do Senhor para a edificação do Reino da Paz do Cristo de Deus em março de 2026, o 3. ano da era messiânica e sofiânica		False	False	False	False	False	False	False	GabrieleMärz26_3.jpg
255	47070	Christus März26	OFF	00:18:30	24.06.2026 00:28:30	O Cristo de Deus deu uma revelação na Comunidade Central do Senhor para a edificação do Reino da Paz do Cristo de Deus em março de 2026, o 3. ano da era messiânica e sofiânica	O Cristo de Deus deu uma revelação na Comunidade Central do Senhor para a edificação do Reino da Paz do Cristo de Deus em março de 2026, o 3. ano da era messiânica e sofiânica		False	False	False	False	False	False	False	ChristusMärz26.jpg
257	23725	DasIstMeinWort 09	LES	00:27:00	24.06.2026 00:51:00	Esta é a Minha Palavra, A e Ω. Capítulo 6: "Infância e Juventude de Jesus"	Esta é a Minha Palavra, A e Ω. Capítulo 6: "Infância e Juventude de Jesus"		False	False	False	False	False	False	False	PT_DasIStMeinWort2.jpg
259	34104	ChristusErlösung	MED	00:22:30	24.06.2026 01:19:00	Meditação de Oração. Cristo é Redenção em Nós	Meditação de Oração. Cristo é Redenção em Nós		False	False	False	False	False	False	False	EN_CH92ChristusErloesung.jpg
262	43840	Gemeinschaften 13	FGE	00:15:30	24.06.2026 01:49:00	As Comunidades Livres Sob o Signo do Lírio. Tema: "Onde Quer Que Estejam Reunidos"	As Comunidades Livres Sob o Signo do Lírio. Tema: "Onde Quer Que Estejam Reunidos"		False	False	False	False	False	False	False	PT_FGE_13.jpg
269	28623	InnereAndacht 05	MED	00:55:30	24.06.2026 02:19:00	Devocional Interior, 5ª Parte	Deus É o Todo em Tudo - Indivisível		False	False	False	False	False	False	False	InnereAndacht_PT_Neu.jpg
271	47493	Pfingsten 2026	SON	01:30:00	24.06.2026 03:17:00	"Pentecostes, o Deus que fala - para a vida em todo o Ser".  	A Comunidade Central do Senhor para a edificação do Reino da Paz do Cristo de Deus convida para o Encontro da Comunidade Cristã Original		False	False	False	False	False	False	False	PT_Pfingsten26.jpg
273	47153	ChristusAuferstehen	MED	00:24:00	24.06.2026 04:50:30	Cristo deseja ressuscitar em cada um de nós	Meditação dada por Gabriele, a profetisa e emissária do Reino Eterno em 25 de março 2005		False	False	False	False	False	False	False	PT_MED_ChristusAuferstehung.jpg
276	39860	IchKommeBald1 WEB	LES	01:25:00	24.06.2026 05:18:30	A Idade Messiânica Sofiânica. Eu Logo Venho! Eu Sou o Cristo de Deus	A Idade Messiânica Sofiânica. Eu Logo Venho! Eu Sou o Cristo de Deus		False	False	False	False	False	False	False	Band.jpg
278	42723	UnsereHeimat	MED	00:33:30	24.06.2026 06:45:30	Meditação. A Nossa Pátria no SER Puro	Meditação. A Nossa Pátria no SER Puro		False	False	False	False	False	False	False	PT_UnsereHeimat.jpg
280	26010	RufGabriele 2 DieErscheinung	SON	00:20:30	24.06.2026 07:23:00	A Chamada de Gabriele 02 - A aparição - A Idade Messiânica e Sofiânica do Lírio,O amor a Deus e ao Próximo	A Chamada de Gabriele 02 - A aparição - A Idade Messiânica e Sofiânica do Lírio,O amor a Deus e ao Próximo		False	False	False	False	False	False	False	Lilie.jpg
282	20894	Medikurs1 06	MED	00:26:00	24.06.2026 07:46:00	Meditação Cristã Oríginal - "A Minha Alma Se Abre Como Uma Rosa"	Meditação Cristã Oríginal - "A Minha Alma Se Abre Como Uma Rosa"		False	False	False	False	False	False	False	Medikurs.jpg
288	37551	SchuleLeben 22	DWS	00:18:30	24.06.2026 08:15:30	A Verdadeira Escola é a Vida. Horas de Ensino a partir da sabedoria Divina	A Verdadeira Escola é a Vida. Horas de Ensino a partir da sabedoria Divina: Vamos aprender a nos questionar		False	False	False	False	False	False	False	DieWahreSchule2.jpg
290	33930	Bergpredigt 06	LES	00:23:30	24.06.2026 08:39:00	O Sermão da Montanha de Jesus de Nazaré. Parte 6	O Sermão da Montanha de Jesus de Nazaré. Parte 6		False	False	False	False	False	False	False	Berg_PT-00.jpg
294	29234	InnereAndacht 12	MED	00:59:00	24.06.2026 09:15:30	Devocional Interior, 12ª Parte	Repouse em você - você é		False	False	False	False	False	False	False	PT_InnereAndacht_TextAmAnfang.jpg
296	20894	Medikurs1 06	MED	00:26:00	24.06.2026 10:16:30	Meditação Cristã Oríginal - "A Minha Alma Se Abre Como Uma Rosa"	Meditação Cristã Oríginal - "A Minha Alma Se Abre Como Uma Rosa"		False	False	False	False	False	False	False	Medikurs.jpg
298	47493	Pfingsten 2026	SON	01:30:00	24.06.2026 10:47:00	"Pentecostes, o Deus que fala - para a vida em todo o Ser".  	A Comunidade Central do Senhor para a edificação do Reino da Paz do Cristo de Deus convida para o Encontro da Comunidade Cristã Original		False	False	False	False	False	False	False	PT_Pfingsten26.jpg
300	41279	DerGuteHirte	MED	00:37:00	24.06.2026 12:22:30	Meditação de Cura. O Bom Pastor, o Espírito do Cristo de Deus em cada alma	Meditação de Cura. O Bom Pastor, o Espírito do Cristo de Deus em cada alma		False	False	False	False	False	False	False	HirteUndSchafen2.jpg
302	45448	JesusKamFürTiere	LES	00:39:00	24.06.2026 13:03:30	Jesus de Nazaré também veio para os animais	Jesus de Nazaré também veio para os animais		False	False	False	False	False	False	False	BundGottTiere.jpg
304	27921	InnererWeg 18	GR-IW	00:26:30	24.06.2026 13:47:30	O Caminho Interior à Consciência Cósmica. Nivel Básico da Ordem. Parte 18	O Caminho Interior à Consciência Cósmica. Nivel Básico da Ordem. Parte 18		False	False	False	False	False	False	False	IW_PT.jpg
306	20894	Medikurs1 06	MED	00:26:00	24.06.2026 14:19:00	Meditação Cristã Oríginal - "A Minha Alma Se Abre Como Uma Rosa"	Meditação Cristã Oríginal - "A Minha Alma Se Abre Como Uma Rosa"		False	False	False	False	False	False	False	Medikurs.jpg
312	47202	Christus Ostern26	OFF	00:27:30	24.06.2026 14:49:00	O Cristo de Deus deu uma revelação na Comunidade Central do Senhor para a edificação do Reino da Paz do Cristo de Deus na sexta-feira santa de 2026, o 3. ano da Era Messiânica e Sofiânica	O Cristo de Deus deu uma revelação na Comunidade Central do Senhor para a edificação do Reino da Paz do Cristo de Deus na sexta-feira santa de 2026, o 3. ano da Era Messiânica e Sofiânica		False	False	False	False	False	False	False	PT_OFFChristusOstern26.jpg
319	36084	SchuleLeben 17	DWS	00:14:30	24.06.2026 15:23:00	A Nova Pessoa - Como Posso Permanecer Fiel às Minhas Resolucões?	A Verdadeira Escola é a Vida. Horas de Ensino a partir da sabedoria Divina: "A Nova Pessoa - Como Posso Permanecer Fiel às Minhas Resolucões?"		False	False	False	False	False	False	False	Sonneuntergang.jpg
321	46887	FGE JugendOstern	FGE	00:28:00	24.06.2026 15:42:30	Comunidades livres internacionais de jovens em todo o mundo!	Comunidades livres internacionais de jovens em todo o mundo!		False	False	False	False	False	False	False	JugendInternational.jpg
323	40621	Brottrunk	DOK	00:23:30	24.06.2026 16:12:30	A nova agricultura para a nova era	Fermentado de pão - fortalecimento natural para o solo		False	False	False	False	False	False	False	Brot.jpg
327	44884	Evolutionsweg 2KiZ	LIOS	00:10:30	24.06.2026 16:43:30	Liobani: O caminho da evolução. 	Liobani: O caminho da evolução. A escola a para Nova Jerusalém para um tempo diferente no signo do Cristo de Deus, do amor a Deus e ao próximo		False	False	False	False	False	False	False	LiobaniZeichungSonnentanz.jpg
329	40689	SichSelbstFinden2 2KiZ	LIOS	00:12:30	24.06.2026 16:56:30	Liobani: Encontrar a si mesmo.	Liobani: Encontrar a si mesmo. A escola a para Nova Jerusalém para um tempo diferente no signo do Cristo de Deus, do amor a Deus e ao próximo		False	False	False	False	False	False	False	IchErzaehle.jpg
331	44190	LebenIstKlang 1KiZ	LIOS	00:17:00	24.06.2026 17:12:30	Liobani: A vida é som.	Liobani: A vida é som. A escola a para Nova Jerusalém para um tempo diferente no signo do Cristo de Deus, do amor a Deus e ao próximo		False	False	False	False	False	False	False	LiobaniZeichnungVoegel.jpg
333	35373	BotschaftAusDemAll 06 Webstuhl	LES-ZELT	00:26:30	24.06.2026 17:33:00	O Reino Eterno: "A  Alma como um Tear - Você Tece os Seus Sentimentos, Pensamentos, Palavras e Atos Nele" Uma leitura de uma revelação do Cristo de Deus dada através de Gabriele, a profetisa e emissária do Reino Eterno, no dia 5 de agosto de 1988 em Würzburg, Alemanha	Uma leitura de uma revelação do Cristo de Deus dada através de Gabriele, a profetisa e emissária do Reino Eterno		False	False	False	False	False	False	False	ZellOFFBd.jpg
336	43224	FGE BerichtWeltweit 02	FGE	00:27:00	24.06.2026 18:06:00	O Cristianismo Original em todo o mundo. Comunidades Livres Internacionais sob o Signo do Lírio. O Ensinamento dos Cristãos Originais na Idade Messiânica Sofiânica - Deus em nós e nós em Deus (2)	O Cristianismo Original em todo o mundo. Comunidades Livres Internacionais sob o Signo do Lírio. O Ensinamento dos Cristãos Originais na Idade Messiânica Sofiânica - Deus em nós e nós em Deus (2)		False	False	False	False	False	False	False	PT_FGEBerichte2.jpg
339	42351	FGE VS Les 20 ErfülltesLeben2	FGE	00:07:30	24.06.2026 18:38:30	Nós somos as Comunidades Livres - Una e seja (20)	Uma vida plena até a velhice 2		False	False	False	False	False	False	False	PT_FGE-VS.jpg
341	14084	Zuversicht 4	MED	00:21:00	24.06.2026 18:47:00	Confiança: Se queremos mudar o mundo, temos que mudar a nós mesmos	Confiança: Se queremos mudar o mundo, temos que mudar a nós mesmos		False	False	False	False	False	False	False	Zuversicht.jpg
343	28548	Gemeinschaften 01	FGE	00:08:00	24.06.2026 19:15:00	As Comunidades Livres Sob o Signo do Lírio. Tema: Palabras e padrões de comportamento são endergias –  para onde vão?	As Comunidades Livres Sob o Signo do Lírio. Tema: Palabras e padrões de comportamento são endergias –  para onde vão?		False	False	False	False	False	False	False	Lilie.jpg
345	28549	Gemeinschaften 02	FGE	00:09:00	24.06.2026 19:25:00	As Comunidades Livres Sob o Signo do Lírio. Tema:  O que está contido nos meus sentimentos, nas minhas sensações, nos pesamentos e nas palavras?	As Comunidades Livres Sob o Signo do Lírio. Tema:  O que está contido nos meus sentimentos, nas minhas sensações, nos pesamentos e nas palavras?		False	False	False	False	False	False	False	Lilie.jpg
347	28550	Gemeinschaften 03	FGE	00:14:00	24.06.2026 19:39:00	As Comunidades Livres Sob o Signo do Lírio. Tema: Prólogos e monólogos	As Comunidades Livres Sob o Signo do Lírio. Tema: Prólogos e monólogos		False	False	False	False	False	False	False	Lilie.jpg
350	42298	SchuleLeben 25	DWS	00:36:30	24.06.2026 19:58:30	A Verdadeira Escola é a Vida. Horas de Ensino a partir da sabedoria Divina: "Cristo é o Reformador Interior"	Cristo é o Reformador Interior		False	False	False	False	False	False	False	DWS-PT_00.jpg
354	47493	Pfingsten 2026	SON	01:30:00	24.06.2026 20:44:30	"Pentecostes, o Deus que fala - para a vida em todo o Ser".  	A Comunidade Central do Senhor para a edificação do Reino da Paz do Cristo de Deus convida para o Encontro da Comunidade Cristã Original		False	False	False	False	False	False	False	PT_Pfingsten26.jpg
359	43819	RückkehrSophia 2	LES	00:56:00	24.06.2026 22:27:30	O Retorno de Sophia, a Sabedoria Divina, para a Morada Eterna do Pai. Parte 2	O Retorno de Sophia, a Sabedoria Divina, para a Morada Eterna do Pai. Parte 2		False	False	False	False	False	False	False	PT_RueckkehrT2.jpg
361	45521	KeinTod06Jan2026	SON	00:30:30	24.06.2026 23:26:00	Um programa atemporal sobre o irromper da palavra eterna em nosso tempo 	Não há morte - O Serafim da sabedoria divina		False	False	False	False	False	False	False	PT_KeinTod6Januar.jpg
363	43840	Gemeinschaften 13	FGE	00:15:30	25.06.2026 00:00:30	As Comunidades Livres Sob o Signo do Lírio. Tema: "Onde Quer Que Estejam Reunidos"	As Comunidades Livres Sob o Signo do Lírio. Tema: "Onde Quer Que Estejam Reunidos"		False	False	False	False	False	False	False	PT_FGE_13.jpg
371	47460	GemeindeSlo Mai2026	SON	01:22:00	25.06.2026 00:27:00	Minhas Ovelhas Conhecem a Minha Voz	Encontro de todos os buscadores de Deus no Centro de Reunião na Eslovênia, conectados a Comunidade Central do Senhor para a edificação do Reino da Paz do Cristo de Deus em maio de 2026, o 3º ano da Era Messiânica e Sofiânica		False	False	False	False	False	False	False	PT_GemeindeSlowenia.jpg
373	38113	SchuleLeben 23	DWS	00:21:30	25.06.2026 01:51:30	A Verdadeira Escola é a Vida. Horas de Ensino a partir da sabedoria Divina	A Verdadeira Escola é a Vida. Horas de Ensino a partir da sabedoria Divina: A Lei da Correspondência		False	False	False	False	False	False	False	DWS-PT_00B.jpg
376	14100	Sternstunden 02	MED	00:30:30	25.06.2026 02:20:00	Horas estelares com Gabriele. Liberdade, Amor e Unidade	Horas estelares com Gabriele. Liberdade, Amor e Unidade		False	False	False	False	False	False	False	ErlebeDieEinheit.jpg
379	33706	DuBistWer	LES-ZELT	01:17:00	25.06.2026 02:53:00	Para o presente ou para o tempo depois do tempo: Você é Alguém! Quem é Você?	Para o presente ou para o tempo depois do tempo: Você é Alguém! Quem é Você?		False	False	False	False	False	False	False	DuBistWer.jpg
380	26304	RufGabriele 4 Herzensanliegen	SON	00:07:30	25.06.2026 04:10:00	A Chamada de Gabriele 04 – Gabriele Oração Um desejo do coração	A Chamada de Gabriele 04 – Gabriele Oração Um desejo do coração		False	False	False	False	False	False	False	Lilie.jpg
386	42187	BetenEinheit	MED	00:34:30	25.06.2026 04:22:30	Meditação de Oração. Orando em unidade - pela unidade	Meditação de Oração. Orando em unidade - pela unidade		False	False	False	False	False	False	False	Glockenblume.jpg
388	33158	BotschaftAusDemAll 01	LES	00:38:30	25.06.2026 05:01:00	O Reino Eterno "Ou Por Mim ou Contra Mim" Uma leitura de uma revelação do Cristo de Deus dada através de Gabriele, a profetisa e emissária de Deus no dia 14 Junho de 1980 na cidade de Augsburg, Alemanha	O Reino Eterno "Ou Por Mim ou Contra Mim" Uma leitura de uma revelação do Cristo de Deus dada através de Gabriele, a profetisa e emissária de Deus no dia 14 Junho de 1980 na cidade de Augsburg, Alemanha		False	False	False	False	False	False	False	ZellOFFBd.jpg
390	40513	Pflanzensude	DOK	00:20:30	25.06.2026 05:43:30	A nova agricultura para a nova era	Poção de plantas - fortalecimento líquido para o campo		False	False	False	False	False	False	False	PflanzenSude (2).jpg
393	13921	Planeten 2	FILM	00:47:00	25.06.2026 06:10:30	O planeta Terra: A floresta tropical	O planeta Terra: A floresta tropical		False	False	False	False	False	False	False	Planeten-2.jpg
396	43809	RückkehrSophia 1	LES	01:01:00	25.06.2026 07:02:30	O Retorno de Sophia, a Sabedoria Divina, para a Morada Eterna do Pai. Parte 1	O Retorno de Sophia, a Sabedoria Divina, para a Morada Eterna do Pai. Parte 1		False	False	False	False	False	False	False	PT_Rückkehr.jpg
399	23320	Klassik Seele 41a_23	KONZ1	00:23:00	25.06.2026 08:08:00	Classics for the Soul. Santec Music Orchestra	Classics for the Soul - Allegro and Adagio from the Sinfonia Concertante for flute, clarinet, horn, bassoon and orchestra in ES major KV 297b by Wolfgang Amadeus Mozart (Sept.2014)		False	False	False	False	False	False	False	KlassikSeele.jpg
400	36891	10 Gebote 1	LES	00:29:00	25.06.2026 08:31:00	Os Dez Mandamentos de Deus	Os Dez Mandamentos de Deus - Interpredados com as palavras dos tempos de hoje. 1ª parte		False	False	False	False	False	False	False	PT_ZehnGebote.jpg
403	45230	GottVater Sept25	OFF	00:33:00	25.06.2026 09:03:30	Deus-Pai revela-se. Na Comunidade Central do Senhor para a Edificação do Reino da Paz do Cristo de Deus. No dia 06 de setembro de 2025, no ano 2 da Era Messiânica e Sofiânica	Deus-Pai revela-se. Na Comunidade Central do Senhor para a Edificação do Reino da Paz do Cristo de Deus. No dia 06 de setembro de 2025, no ano 2 da Era Messiânica e Sofiânica		False	False	False	False	False	False	False	PT_OFF_GottVaterSept2025_Bearb.jpg
405	47493	Pfingsten 2026	SON	01:30:00	25.06.2026 09:40:00	"Pentecostes, o Deus que fala - para a vida em todo o Ser".  	A Comunidade Central do Senhor para a edificação do Reino da Paz do Cristo de Deus convida para o Encontro da Comunidade Cristã Original		False	False	False	False	False	False	False	PT_Pfingsten26.jpg
412	35760	SchuleLeben 12	DWS	00:27:00	25.06.2026 11:17:30	Aprendemos a Focar	A Verdadeira Escola é a Vida. Horas de Ensino a partir da sabedoria Divina		False	False	False	False	False	False	False	Blume_Fokusieren.jpg
414	29025	InnereAndacht 08	MED	00:51:00	25.06.2026 11:48:00	Devocional Interior, 8ª Parte	O Todo-Princípio: Emitir e Receber		False	False	False	False	False	False	False	InnereAndacht_PT_Neu.jpg
416	39760	AllesKommunikation2 WEB	LES	01:09:30	25.06.2026 12:42:00	A Idade Messiânca, Sofiânica. Tudo é Comunicação	A Idade Messiânca, Sofiânica. Tudo é Comunicação		False	False	False	False	False	False	False	ChristusInUns.jpg
419	45043	UrchristlicherStrom 01	SON	00:53:00	25.06.2026 13:55:00	A palavra profética na corrente Cristã Original - hoje e em todos os tempos - e a tentativa de erradicar as Comunidades Originais, os seguidores de Jesus de Nazaré. Parte 1	A palavra profética na corrente Cristã Original - hoje e em todos os tempos - e a tentativa de erradicar as Comunidades Originais, os seguidores de Jesus de Nazaré. Parte 1		False	False	False	False	False	False	False	PT_UrchristlicheStromT1.jpg
424	45521	KeinTod06Jan2026	SON	00:30:30	25.06.2026 14:51:00	Um programa atemporal sobre o irromper da palavra eterna em nosso tempo 	Não há morte - O Serafim da sabedoria divina		False	False	False	False	False	False	False	PT_KeinTod6Januar.jpg
426	47071	Gabriele März26	OFF	00:22:30	25.06.2026 15:27:00	O Serafim da Sabedoria Divina deu uma revelação na Comunidade Central do Senhor para a edificação do Reino da Paz do Cristo de Deus em março de 2026, o 3. ano da era messiânica e sofiânica	O Serafim da Sabedoria Divina deu uma revelação na Comunidade Central do Senhor para a edificação do Reino da Paz do Cristo de Deus em março de 2026, o 3. ano da era messiânica e sofiânica		False	False	False	False	False	False	False	GabrieleMärz26_3.jpg
428	47070	Christus März26	OFF	00:18:30	25.06.2026 15:55:30	O Cristo de Deus deu uma revelação na Comunidade Central do Senhor para a edificação do Reino da Paz do Cristo de Deus em março de 2026, o 3. ano da era messiânica e sofiânica	O Cristo de Deus deu uma revelação na Comunidade Central do Senhor para a edificação do Reino da Paz do Cristo de Deus em março de 2026, o 3. ano da era messiânica e sofiânica		False	False	False	False	False	False	False	ChristusMärz26.jpg
434	41756	FGE VS Les 04 SieSindNiAllein	FGE	00:05:00	25.06.2026 16:21:00	Nós somos as Comunidades Livres - Una e seja (4)	Você não está sózinho		False	False	False	False	False	False	False	PT_FGE-VS.jpg
438	33445	BotschaftAusDemAll 02 GolgathaOpfer	LES	01:04:30	25.06.2026 16:36:30	O Reino Eterno. O Profundo Significado do Sacrifício no Calvário	O Reino Eterno. O Profundo Significado do Sacrifício no Calvário		False	False	False	False	False	False	False	KreuzZeltMitGoldenePalmen.jpg
439	27222	RufGabriele 6 DerRuf	SON	00:13:00	25.06.2026 17:41:00	A Chamada de Gabriele 06 - A Chamada do Cristo de Deus	A Chamada de Gabriele 06 - A Chamada do Cristo de Deus		False	False	False	False	False	False	False	Ruf-6.jpg
444	43521	AuflösungFormen 1	SON	00:55:00	25.06.2026 17:59:00	Os preparativos para a dissolução de todas as formas condensadas e o retorno do Cristo de Deus. Parte 1	1a. Parte: Convulsões cósmicas de magnitudes inimagináveis que virão sobre a humanidade. 		False	False	False	False	False	False	False	PT_Aufloesung.jpg
448	34120	Bergpredigt 07	LES	00:27:00	25.06.2026 18:59:00	O Sermão da Montanha de Jesus de Nazaré. Parte 7	O Sermão da Montanha de Jesus de Nazaré. Parte 7		False	False	False	False	False	False	False	Berg_PT-00.jpg
455	40683	SaatUndErnte3 2KiZ	LIOS	00:14:00	25.06.2026 19:32:30	Liobani: Qual o significado da lei de semente e colheita?	Liobani: Qual o significado da lei de semente e colheita? A escola a para Nova Jerusalém para um tempo diferente no signo do Cristo de Deus, do amor a Deus e ao próximo		False	False	False	False	False	False	False	EntschprecungJPG.jpg
457	40621	Brottrunk	DOK	00:23:30	25.06.2026 19:47:00	A nova agricultura para a nova era	Fermentado de pão - fortalecimento natural para o solo		False	False	False	False	False	False	False	Brot.jpg
460	44383	Nachruhm	LES	00:24:30	25.06.2026 20:16:00	Leitura do: "Memória Pósthuma" de Manfred Kyber	Leitura do: "Memória Pósthuma" de Manfred Kyber		False	False	False	False	False	False	False	PT_Nachrum.jpg
463	27921	InnererWeg 18	GR-IW	00:26:30	25.06.2026 20:44:30	O Caminho Interior à Consciência Cósmica. Nivel Básico da Ordem. Parte 18	O Caminho Interior à Consciência Cósmica. Nivel Básico da Ordem. Parte 18		False	False	False	False	False	False	False	IW_PT.jpg
466	29045	Sternstunden 07	MED	00:41:30	25.06.2026 21:18:00	Horas estelares com Gabriele. Caminhar ao Interior - À Fonte do Eterno Amor e Força	Horas estelares com Gabriele. Caminhar ao Interior - À Fonte do Eterno Amor e Força		False	False	False	False	False	False	False	Sternstunden-08.jpg
472	35322	SchuleLeben 04	DWS	00:20:30	25.06.2026 22:04:30	A Verdadeira Escola é a Vida. Horas de Ensino a partir da sabedoria Divina:	A Verdadeira Escola é a Vida. Horas de Ensino a partir da sabedoria Divina: "Cada pessoa forja o seu destino"		False	False	False	False	False	False	False	DWS.jpg
474	45345	Christus Nov25	OFF	00:22:30	25.06.2026 22:25:30	Revela-Se o Cristo de Deus durante o Encontro da Comunidade Central do Senhor para a Vinda do Cristo de Deus	No dia 8 de nevombro, ano 2 da Era Messiânica e Sofiânica		False	False	False	False	False	False	False	ChristusAbbildUndTische.jpg
476	14085	JederAtemzug	MED	00:30:00	25.06.2026 22:52:30	Meditacão: Cada respiração é a presença de Deus	Meditacão: Cada respiração é a presença de Deus		False	False	False	False	False	False	False	JederAtemzug.jpg
478	29960	Klassik Seele 52B_33	KONZ1	00:32:30	25.06.2026 23:25:00	Classics for the Soul. Santec Music Orchestra	Valse brillante Nr. 1 von F. Chopin, Allegro moderato aus Argeggione-Sonata von F. Schubert, Streicherserenade in E-Dur von A. Dvorak,  Larghetto aus Klavierkonzert Nr. 1 von F. Chopin, Moment musical Nr. 3 von F. Schubert  (Jul. 2016)		False	False	False	False	False	False	False	KlassikSeele.jpg
480	43523	AuflösungFormen 3	SON	00:53:00	26.06.2026 00:01:00	3a Parte. Os preparativos para a dissolução de todas as formas condensadas e o retorno do Cristo de Deus	3a Parte: O retorno dos filhos de Deus – de volta para a unidade de toda a vida e para o amor eterno		False	False	False	False	False	False	False	PT_Aufloesung.jpg
483	14082	Zuversicht 2	MED	00:10:00	26.06.2026 00:58:30	Confiança: Um Ganho de Vida	Confiança: Um Ganho de Vida		False	False	False	False	False	False	False	Löwenzahn.jpg
485	33781	ChristusInUns	MED	00:37:30	26.06.2026 01:09:30	Meditação de Oração. Nós nos voltamos para Cristo em nós	Meditação de Oração. Nós nos voltamos para Cristo em nós		False	False	False	False	False	False	False	PT_CH92_ChristusInUns.jpg
489	35373	BotschaftAusDemAll 06 Webstuhl	LES	00:26:30	26.06.2026 01:51:30	O Reino Eterno: "A  Alma como um Tear - Você Tece os Seus Sentimentos, Pensamentos, Palavras e Atos Nele" Uma leitura de uma revelação do Cristo de Deus dada através de Gabriele, a profetisa e emissária do Reino Eterno, no dia 5 de agosto de 1988 em Würzburg, Alemanha	Uma leitura de uma revelação do Cristo de Deus dada através de Gabriele, a profetisa e emissária do Reino Eterno		False	False	False	False	False	False	False	ZellOFFBd.jpg
492	42230	FGE VS Les 11 Vaterworte	FGE	00:07:00	26.06.2026 02:24:30	Nós somos as Comunidades Livres - Una e seja (11)	 Palavras do Pai para você também		False	False	False	False	False	False	False	PT_FGE-VS.jpg
495	27921	InnererWeg 18	GR-IW	00:26:30	26.06.2026 02:36:00	O Caminho Interior à Consciência Cósmica. Nivel Básico da Ordem. Parte 18	O Caminho Interior à Consciência Cósmica. Nivel Básico da Ordem. Parte 18		False	False	False	False	False	False	False	IW_PT.jpg
497	35454	SchuleLeben 08	DWS	00:29:30	26.06.2026 03:05:30	Felicidade e saúde estão nas tuas mãos	A Verdadeira Escola é a Vida. Horas de Ensino a partir da sabedoria Divina		False	False	False	False	False	False	False	DieWahreSchule.jpg
502	39327	Herzensgebete	MED	00:13:00	26.06.2026 03:38:00	Meditação de Oração	Orações de coração são nutrimento para a alma		False	False	False	False	False	False	False	PT_Herzensgebete.jpg
508	41960	Lilienzeitalter1 4Entwicklungseb. Teil 1 WEB	LES	00:55:30	26.06.2026 03:58:00	A Idade do Lírio, Sofia, a Sabedoria de Deus. Os Quatro planos de Desenvolvimento, o Berço da Evolução para a Filiação de Deus. Parte 1	A Idade do Lírio, Sofia, a Sabedoria de Deus. Os Quatro planos de Desenvolvimento, o Berço da Evolução para a Filiação de Deus. Parte 1		False	False	False	False	False	False	False	DuSollstNichtToeten.jpg
512	33894	Bergpredigt 03	LES	00:28:00	26.06.2026 04:55:30	O Sermão da Montanha de Jesus de Nazaré. Parte 3	O Sermão da Montanha de Jesus de Nazaré. Parte 3		False	False	False	False	False	False	False	Berg_PT-00.jpg
514	47460	GemeindeSlo Mai2026	SON	01:22:00	26.06.2026 05:26:30	Minhas Ovelhas Conhecem a Minha Voz	Encontro de todos os buscadores de Deus no Centro de Reunião na Eslovênia, conectados a Comunidade Central do Senhor para a edificação do Reino da Paz do Cristo de Deus em maio de 2026, o 3º ano da Era Messiânica e Sofiânica		False	False	False	False	False	False	False	PT_GemeindeSlowenia.jpg
519	28553	Gemeinschaften 06	FGE	00:28:30	26.06.2026 06:51:30	As Comunidades Livres Sob o Signo do Lírio. Tema: O amor de Deus para com os seres humnanos e para com toda criatura	As Comunidades Livres Sob o Signo do Lírio. Tema: O amor de Deus para com os seres humnanos e para com toda criatura		False	False	False	False	False	False	False	Lilie.jpg
521	30825	InnereAndacht 19	MED	01:00:00	26.06.2026 07:22:30	Devocional Interior, 19ª Parte 	Experimente a Proximidade de Deus no Silêncio Interior		False	False	False	False	False	False	False	PT_InnereAndacht19_bearb.jpg
524	35396	BotschaftAusDemAll 05	LES	00:24:30	26.06.2026 08:31:00	O Reino Eterno: "Use o tempo precioso!" Uma leitura de uma revelação do Cristo de Deus dada através de Gabriele, a profetisa e emissária do Reino Eterno, no dia 4 de março de 1988 em Würzburg, Alemanha	Leitura de uma revelação do Cristo de Deus "Use o Tempo Precioso", dado através de Gabriele, a profetisa e emissária do Reino Eterno, no dia 4 de março de 1988 em Würzburg, Alemanha.		False	False	False	False	False	False	False	ChristusErlösung.jpg
527	43492	FGE VS Les 23 TrostNotLeid	FGE	00:07:00	26.06.2026 09:01:00	Nós somos as Comunidades Livres - Una e seja (23)	Consolação na necessidade e no sofrimento		False	False	False	False	False	False	False	PT_FGE-VS.jpg
529	43493	FGE VS Les 24 WorteDesLebens2	FGE	00:08:00	26.06.2026 09:11:30	Nós somos as Comunidades Livres - Una e seja (24)	Palavras de Vida 2		False	False	False	False	False	False	False	PT_FGE-VS.jpg
531	40334	SchuleLeben 27	DWS	00:28:00	26.06.2026 09:21:00	A Verdadeira Escola é a Vida. Horas de Ensino a partir da sabedoria Divina: "O amor a Deus e ao próximo leva à consciência da unidade"	A Verdadeira Escola é a Vida. Horas de Ensino a partir da sabedoria Divina: "O amor a Deus e ao próximo leva à consciência da unidade"		False	False	False	False	False	False	False	DWS-PT_01.jpg
534	41662	FGE VerbindeSei 02	FGE	00:10:00	26.06.2026 09:56:00	Nós somos as Comunidades Livres - Una e seja (2)	Sua Palavra – Presença Eterna		False	False	False	False	False	False	False	PT_FGE-VS.jpg
537	26010	RufGabriele 2 DieErscheinung	SON	00:20:30	26.06.2026 10:09:00	A Chamada de Gabriele 02 - A aparição - A Idade Messiânica e Sofiânica do Lírio,O amor a Deus e ao Próximo	A Chamada de Gabriele 02 - A aparição - A Idade Messiânica e Sofiânica do Lírio,O amor a Deus e ao Próximo		False	False	False	False	False	False	False	Lilie.jpg
539	25244	Klassik Seele 50a_26	KONZ1	00:25:30	26.06.2026 10:33:30	Classics for the Soul. Santec Music Orchestra	Classic Soul 50a		False	False	False	False	False	False	False	KlassikSeele.jpg
540	29977	InnereAndacht 16	MED	00:54:00	26.06.2026 10:59:00	Devocional Interior, 16ª Parte	O silêncio é a verdadeira vida		False	False	False	False	False	False	False	PT_InnereAndacht_16.jpg
542	36075	MachtDerLiebe	LES	01:12:00	26.06.2026 11:57:00	Eu Oro ao Poder de Amor	"Eu Oro ao Poder de Amor", a leitura de uma revelação de Cristo a partir do Reino Eterno através da profetisa e enviada do Reino Eterno, Gabriele, dado em setembro de 2021		False	False	False	False	False	False	False	GPH_00.jpg
549	27921	InnererWeg 18	GR-IW	00:26:30	26.06.2026 13:13:00	O Caminho Interior à Consciência Cósmica. Nivel Básico da Ordem. Parte 18	O Caminho Interior à Consciência Cósmica. Nivel Básico da Ordem. Parte 18		False	False	False	False	False	False	False	IW_PT.jpg
555	33566	WoherAngst	MED	00:23:00	26.06.2026 13:44:00	De Onde Vem o Nosso Temor?	Meditação de oração para a introspecção - De Onde Vem o Nosso Temor?		False	False	False	False	False	False	False	WoherAngst.jpg
560	40731	Zellenstaat NEU	MED	00:26:00	26.06.2026 14:09:30	Meditação. O Estado Celular	Meditação. O Estado Celular		False	False	False	False	False	False	False	Zellenstaat.jpg
562	47493	Pfingsten 2026	SON	01:30:00	26.06.2026 14:41:30	"Pentecostes, o Deus que fala - para a vida em todo o Ser".  	A Comunidade Central do Senhor para a edificação do Reino da Paz do Cristo de Deus convida para o Encontro da Comunidade Cristã Original		False	False	False	False	False	False	False	PT_Pfingsten26.jpg
566	44884	Evolutionsweg 2KiZ	LIOS	00:10:30	26.06.2026 16:16:30	Liobani: O caminho da evolução. 	Liobani: O caminho da evolução. A escola a para Nova Jerusalém para um tempo diferente no signo do Cristo de Deus, do amor a Deus e ao próximo		False	False	False	False	False	False	False	LiobaniZeichungSonnentanz.jpg
571	38715	SterbenLeben 01	LES	00:18:00	26.06.2026 16:31:00	Agora chega! Cada um morre por si só - como? 	O viver e morrer para continuar a viver. Parte 1 		False	False	False	False	False	False	False	DuLebstNichtEin.jpg
573	38716	SterbenLeben 02	LES	00:22:30	26.06.2026 16:51:00	Parte 2 Agora chega! Cada um morre por si só - como? 	O viver e morrer para continuar a viver. Parte 2 		False	False	False	False	False	False	False	DuLebstNichtEin.jpg
575	34738	Selbsterforschtes 01	MED	00:05:00	26.06.2026 17:16:00	"Auto-analisado e Experimentado" de Gabriele. Parte 1	"Auto-analisado e Experimentado" de Gabriele. Parte 1		False	False	False	False	False	False	False	ErlebeDieEinheit.jpg
576	27921	InnererWeg 18	GR-IW	00:26:30	26.06.2026 17:21:00	O Caminho Interior à Consciência Cósmica. Nivel Básico da Ordem. Parte 18	O Caminho Interior à Consciência Cósmica. Nivel Básico da Ordem. Parte 18		False	False	False	False	False	False	False	IW_PT.jpg
581	23430	DasIstMeinWort 05	LES	00:28:30	26.06.2026 17:50:30	Esta é a Minha Palavra, A e Ω. Capítulo 21: "Jesus repreende a crueldade contra um cavalo"	Esta é a Minha Palavra, A e Ω. Capítulo 21: "Jesus repreende a crueldade contra um cavalo"		False	False	False	False	False	False	False	PT_DasIStMeinWort2.jpg
585	45344	Christus Okt25	OFF	00:32:00	26.06.2026 18:25:30	O Cristo de Deus se revelou na Comunidade Central do Senhor para a edificação do Reino da Paz do Cristo de Deus	Em 3 de outubro de 2025, ano 2 da Era Messiânica e Sofiânica		False	False	False	False	False	False	False	ChristusAbbildZelt.jpg
588	36075	MachtDerLiebe	LES	01:12:00	26.06.2026 19:03:30	Eu Oro ao Poder de Amor	"Eu Oro ao Poder de Amor", a leitura de uma revelação de Cristo a partir do Reino Eterno através da profetisa e enviada do Reino Eterno, Gabriele, dado em setembro de 2021		False	False	False	False	False	False	False	GPH_00.jpg
593	41009	Zelt GottHeilt 03 WEB	LES-ZELT	00:24:30	26.06.2026 20:18:00	Uma leitura do livro "Deus Cura" de Gabriele. Parte 3. Desde o Arco da Aliança do Espírito Livre, desde a Tenda de Deus, a palavra eterna vem diretamente a nós	Uma leitura do livro "Deus Cura" de Gabriele. Parte 3. Desde o Arco da Aliança do Espírito Livre, desde a Tenda de Deus, a palavra eterna vem diretamente a nós		False	False	False	False	False	False	False	GottHeilt.jpg
595	41010	Zelt GottHeilt 04 WEB	LES-ZELT	00:24:30	26.06.2026 20:46:00	Uma leitura do livro "Deus Cura" de Gabriele. Parte 4. Desde o Arco da Aliança do Espírito Livre, desde a Tenda de Deus, a palavra eterna vem diretamente a nós	Uma leitura do livro "Deus Cura" de Gabriele. Parte 4. Desde o Arco da Aliança do Espírito Livre, desde a Tenda de Deus, a palavra eterna vem diretamente a nós		False	False	False	False	False	False	False	GottHeilt.jpg
598	40167	SoWieIhrGebt Neu	MED	00:32:00	26.06.2026 21:14:00	Meditação de Oração. Tal como vós dais, assim vos será dado	Meditação de Oração. Tal como vós dais, assim vos será dado		False	False	False	False	False	False	False	Wassertropf.jpg
602	42232	FGE VS Les 13 LebeAugenblick	FGE	00:07:00	26.06.2026 21:52:00	Nós somos as Comunidades Livres - Una e seja (13)	Viva o Instante – e você se vê e se reconhece		False	False	False	False	False	False	False	PT_FGE-VS.jpg
608	27921	InnererWeg 18	GR-IW	00:26:30	26.06.2026 22:03:00	O Caminho Interior à Consciência Cósmica. Nivel Básico da Ordem. Parte 18	O Caminho Interior à Consciência Cósmica. Nivel Básico da Ordem. Parte 18		False	False	False	False	False	False	False	IW_PT.jpg
611	47460	GemeindeSlo Mai2026	SON	01:22:00	26.06.2026 22:33:30	Minhas Ovelhas Conhecem a Minha Voz	Encontro de todos os buscadores de Deus no Centro de Reunião na Eslovênia, conectados a Comunidade Central do Senhor para a edificação do Reino da Paz do Cristo de Deus em maio de 2026, o 3º ano da Era Messiânica e Sofiânica		False	False	False	False	False	False	False	PT_GemeindeSlowenia.jpg
614	47071	Gabriele März26	OFF	00:22:30	27.06.2026 00:01:00	O Serafim da Sabedoria Divina deu uma revelação na Comunidade Central do Senhor para a edificação do Reino da Paz do Cristo de Deus em março de 2026, o 3. ano da era messiânica e sofiânica	O Serafim da Sabedoria Divina deu uma revelação na Comunidade Central do Senhor para a edificação do Reino da Paz do Cristo de Deus em março de 2026, o 3. ano da era messiânica e sofiânica		False	False	False	False	False	False	False	GabrieleMärz26_3.jpg
617	47070	Christus März26	OFF	00:18:30	27.06.2026 00:29:00	O Cristo de Deus deu uma revelação na Comunidade Central do Senhor para a edificação do Reino da Paz do Cristo de Deus em março de 2026, o 3. ano da era messiânica e sofiânica	O Cristo de Deus deu uma revelação na Comunidade Central do Senhor para a edificação do Reino da Paz do Cristo de Deus em março de 2026, o 3. ano da era messiânica e sofiânica		False	False	False	False	False	False	False	ChristusMärz26.jpg
619	23725	DasIstMeinWort 09	LES	00:27:00	27.06.2026 00:51:30	Esta é a Minha Palavra, A e Ω. Capítulo 6: "Infância e Juventude de Jesus"	Esta é a Minha Palavra, A e Ω. Capítulo 6: "Infância e Juventude de Jesus"		False	False	False	False	False	False	False	PT_DasIStMeinWort2.jpg
621	34104	ChristusErlösung	MED	00:22:30	27.06.2026 01:19:30	Meditação de Oração. Cristo é Redenção em Nós	Meditação de Oração. Cristo é Redenção em Nós		False	False	False	False	False	False	False	EN_CH92ChristusErloesung.jpg
624	43840	Gemeinschaften 13	FGE	00:15:30	27.06.2026 01:49:30	As Comunidades Livres Sob o Signo do Lírio. Tema: "Onde Quer Que Estejam Reunidos"	As Comunidades Livres Sob o Signo do Lírio. Tema: "Onde Quer Que Estejam Reunidos"		False	False	False	False	False	False	False	PT_FGE_13.jpg
631	28623	InnereAndacht 05	MED	00:55:30	27.06.2026 02:19:30	Devocional Interior, 5ª Parte	Deus É o Todo em Tudo - Indivisível		False	False	False	False	False	False	False	InnereAndacht_PT_Neu.jpg
633	47493	Pfingsten 2026	SON	01:30:00	27.06.2026 03:17:30	"Pentecostes, o Deus que fala - para a vida em todo o Ser".  	A Comunidade Central do Senhor para a edificação do Reino da Paz do Cristo de Deus convida para o Encontro da Comunidade Cristã Original		False	False	False	False	False	False	False	PT_Pfingsten26.jpg
635	47153	ChristusAuferstehen	MED	00:24:00	27.06.2026 04:51:00	Cristo deseja ressuscitar em cada um de nós	Meditação dada por Gabriele, a profetisa e emissária do Reino Eterno em 25 de março 2005		False	False	False	False	False	False	False	PT_MED_ChristusAuferstehung.jpg
638	39860	IchKommeBald1 WEB	LES	01:25:00	27.06.2026 05:19:00	A Idade Messiânica Sofiânica. Eu Logo Venho! Eu Sou o Cristo de Deus	A Idade Messiânica Sofiânica. Eu Logo Venho! Eu Sou o Cristo de Deus		False	False	False	False	False	False	False	Band.jpg
640	42723	UnsereHeimat	MED	00:33:30	27.06.2026 06:46:00	Meditação. A Nossa Pátria no SER Puro	Meditação. A Nossa Pátria no SER Puro		False	False	False	False	False	False	False	PT_UnsereHeimat.jpg
642	26010	RufGabriele 2 DieErscheinung	SON	00:20:30	27.06.2026 07:23:30	A Chamada de Gabriele 02 - A aparição - A Idade Messiânica e Sofiânica do Lírio,O amor a Deus e ao Próximo	A Chamada de Gabriele 02 - A aparição - A Idade Messiânica e Sofiânica do Lírio,O amor a Deus e ao Próximo		False	False	False	False	False	False	False	Lilie.jpg
644	20894	Medikurs1 06	MED	00:26:00	27.06.2026 07:46:30	Meditação Cristã Oríginal - "A Minha Alma Se Abre Como Uma Rosa"	Meditação Cristã Oríginal - "A Minha Alma Se Abre Como Uma Rosa"		False	False	False	False	False	False	False	Medikurs.jpg
650	37551	SchuleLeben 22	DWS	00:18:30	27.06.2026 08:16:00	A Verdadeira Escola é a Vida. Horas de Ensino a partir da sabedoria Divina	A Verdadeira Escola é a Vida. Horas de Ensino a partir da sabedoria Divina: Vamos aprender a nos questionar		False	False	False	False	False	False	False	DieWahreSchule2.jpg
652	33930	Bergpredigt 06	LES	00:23:30	27.06.2026 08:39:30	O Sermão da Montanha de Jesus de Nazaré. Parte 6	O Sermão da Montanha de Jesus de Nazaré. Parte 6		False	False	False	False	False	False	False	Berg_PT-00.jpg
656	29234	InnereAndacht 12	MED	00:59:00	27.06.2026 09:16:00	Devocional Interior, 12ª Parte	Repouse em você - você é		False	False	False	False	False	False	False	PT_InnereAndacht_TextAmAnfang.jpg
658	20894	Medikurs1 06	MED	00:26:00	27.06.2026 10:17:00	Meditação Cristã Oríginal - "A Minha Alma Se Abre Como Uma Rosa"	Meditação Cristã Oríginal - "A Minha Alma Se Abre Como Uma Rosa"		False	False	False	False	False	False	False	Medikurs.jpg
660	47493	Pfingsten 2026	SON	01:30:00	27.06.2026 10:47:30	"Pentecostes, o Deus que fala - para a vida em todo o Ser".  	A Comunidade Central do Senhor para a edificação do Reino da Paz do Cristo de Deus convida para o Encontro da Comunidade Cristã Original		False	False	False	False	False	False	False	PT_Pfingsten26.jpg
662	41279	DerGuteHirte	MED	00:37:00	27.06.2026 12:23:00	Meditação de Cura. O Bom Pastor, o Espírito do Cristo de Deus em cada alma	Meditação de Cura. O Bom Pastor, o Espírito do Cristo de Deus em cada alma		False	False	False	False	False	False	False	HirteUndSchafen2.jpg
664	45448	JesusKamFürTiere	LES	00:39:00	27.06.2026 13:04:00	Jesus de Nazaré também veio para os animais	Jesus de Nazaré também veio para os animais		False	False	False	False	False	False	False	BundGottTiere.jpg
666	27921	InnererWeg 18	GR-IW	00:26:30	27.06.2026 13:48:00	O Caminho Interior à Consciência Cósmica. Nivel Básico da Ordem. Parte 18	O Caminho Interior à Consciência Cósmica. Nivel Básico da Ordem. Parte 18		False	False	False	False	False	False	False	IW_PT.jpg
668	20894	Medikurs1 06	MED	00:26:00	27.06.2026 14:19:30	Meditação Cristã Oríginal - "A Minha Alma Se Abre Como Uma Rosa"	Meditação Cristã Oríginal - "A Minha Alma Se Abre Como Uma Rosa"		False	False	False	False	False	False	False	Medikurs.jpg
674	47202	Christus Ostern26	OFF	00:27:30	27.06.2026 14:49:30	O Cristo de Deus deu uma revelação na Comunidade Central do Senhor para a edificação do Reino da Paz do Cristo de Deus na sexta-feira santa de 2026, o 3. ano da Era Messiânica e Sofiânica	O Cristo de Deus deu uma revelação na Comunidade Central do Senhor para a edificação do Reino da Paz do Cristo de Deus na sexta-feira santa de 2026, o 3. ano da Era Messiânica e Sofiânica		False	False	False	False	False	False	False	PT_OFFChristusOstern26.jpg
681	36084	SchuleLeben 17	DWS	00:14:30	27.06.2026 15:23:30	A Nova Pessoa - Como Posso Permanecer Fiel às Minhas Resolucões?	A Verdadeira Escola é a Vida. Horas de Ensino a partir da sabedoria Divina: "A Nova Pessoa - Como Posso Permanecer Fiel às Minhas Resolucões?"		False	False	False	False	False	False	False	Sonneuntergang.jpg
683	46887	FGE JugendOstern	FGE	00:28:00	27.06.2026 15:43:00	Comunidades livres internacionais de jovens em todo o mundo!	Comunidades livres internacionais de jovens em todo o mundo!		False	False	False	False	False	False	False	JugendInternational.jpg
685	40621	Brottrunk	DOK	00:23:30	27.06.2026 16:13:00	A nova agricultura para a nova era	Fermentado de pão - fortalecimento natural para o solo		False	False	False	False	False	False	False	Brot.jpg
689	44884	Evolutionsweg 2KiZ	LIOS	00:10:30	27.06.2026 16:44:00	Liobani: O caminho da evolução. 	Liobani: O caminho da evolução. A escola a para Nova Jerusalém para um tempo diferente no signo do Cristo de Deus, do amor a Deus e ao próximo		False	False	False	False	False	False	False	LiobaniZeichungSonnentanz.jpg
691	40689	SichSelbstFinden2 2KiZ	LIOS	00:12:30	27.06.2026 16:57:00	Liobani: Encontrar a si mesmo.	Liobani: Encontrar a si mesmo. A escola a para Nova Jerusalém para um tempo diferente no signo do Cristo de Deus, do amor a Deus e ao próximo		False	False	False	False	False	False	False	IchErzaehle.jpg
693	44190	LebenIstKlang 1KiZ	LIOS	00:17:00	27.06.2026 17:13:00	Liobani: A vida é som.	Liobani: A vida é som. A escola a para Nova Jerusalém para um tempo diferente no signo do Cristo de Deus, do amor a Deus e ao próximo		False	False	False	False	False	False	False	LiobaniZeichnungVoegel.jpg
695	35373	BotschaftAusDemAll 06 Webstuhl	LES-ZELT	00:26:30	27.06.2026 17:33:30	O Reino Eterno: "A  Alma como um Tear - Você Tece os Seus Sentimentos, Pensamentos, Palavras e Atos Nele" Uma leitura de uma revelação do Cristo de Deus dada através de Gabriele, a profetisa e emissária do Reino Eterno, no dia 5 de agosto de 1988 em Würzburg, Alemanha	Uma leitura de uma revelação do Cristo de Deus dada através de Gabriele, a profetisa e emissária do Reino Eterno		False	False	False	False	False	False	False	ZellOFFBd.jpg
698	43224	FGE BerichtWeltweit 02	FGE	00:27:00	27.06.2026 18:06:30	O Cristianismo Original em todo o mundo. Comunidades Livres Internacionais sob o Signo do Lírio. O Ensinamento dos Cristãos Originais na Idade Messiânica Sofiânica - Deus em nós e nós em Deus (2)	O Cristianismo Original em todo o mundo. Comunidades Livres Internacionais sob o Signo do Lírio. O Ensinamento dos Cristãos Originais na Idade Messiânica Sofiânica - Deus em nós e nós em Deus (2)		False	False	False	False	False	False	False	PT_FGEBerichte2.jpg
701	42351	FGE VS Les 20 ErfülltesLeben2	FGE	00:07:30	27.06.2026 18:39:00	Nós somos as Comunidades Livres - Una e seja (20)	Uma vida plena até a velhice 2		False	False	False	False	False	False	False	PT_FGE-VS.jpg
703	14084	Zuversicht 4	MED	00:21:00	27.06.2026 18:47:30	Confiança: Se queremos mudar o mundo, temos que mudar a nós mesmos	Confiança: Se queremos mudar o mundo, temos que mudar a nós mesmos		False	False	False	False	False	False	False	Zuversicht.jpg
705	28548	Gemeinschaften 01	FGE	00:08:00	27.06.2026 19:15:30	As Comunidades Livres Sob o Signo do Lírio. Tema: Palabras e padrões de comportamento são endergias –  para onde vão?	As Comunidades Livres Sob o Signo do Lírio. Tema: Palabras e padrões de comportamento são endergias –  para onde vão?		False	False	False	False	False	False	False	Lilie.jpg
707	28549	Gemeinschaften 02	FGE	00:09:00	27.06.2026 19:25:30	As Comunidades Livres Sob o Signo do Lírio. Tema:  O que está contido nos meus sentimentos, nas minhas sensações, nos pesamentos e nas palavras?	As Comunidades Livres Sob o Signo do Lírio. Tema:  O que está contido nos meus sentimentos, nas minhas sensações, nos pesamentos e nas palavras?		False	False	False	False	False	False	False	Lilie.jpg
709	28550	Gemeinschaften 03	FGE	00:14:00	27.06.2026 19:39:30	As Comunidades Livres Sob o Signo do Lírio. Tema: Prólogos e monólogos	As Comunidades Livres Sob o Signo do Lírio. Tema: Prólogos e monólogos		False	False	False	False	False	False	False	Lilie.jpg
712	42298	SchuleLeben 25	DWS	00:36:30	27.06.2026 19:59:00	A Verdadeira Escola é a Vida. Horas de Ensino a partir da sabedoria Divina: "Cristo é o Reformador Interior"	Cristo é o Reformador Interior		False	False	False	False	False	False	False	DWS-PT_00.jpg
716	47493	Pfingsten 2026	SON	01:30:00	27.06.2026 20:45:00	"Pentecostes, o Deus que fala - para a vida em todo o Ser".  	A Comunidade Central do Senhor para a edificação do Reino da Paz do Cristo de Deus convida para o Encontro da Comunidade Cristã Original		False	False	False	False	False	False	False	PT_Pfingsten26.jpg
721	43819	RückkehrSophia 2	LES	00:56:00	27.06.2026 22:28:00	O Retorno de Sophia, a Sabedoria Divina, para a Morada Eterna do Pai. Parte 2	O Retorno de Sophia, a Sabedoria Divina, para a Morada Eterna do Pai. Parte 2		False	False	False	False	False	False	False	PT_RueckkehrT2.jpg
723	45521	KeinTod06Jan2026	SON	00:30:30	27.06.2026 23:26:30	Um programa atemporal sobre o irromper da palavra eterna em nosso tempo 	Não há morte - O Serafim da sabedoria divina		False	False	False	False	False	False	False	PT_KeinTod6Januar.jpg
725	43523	AuflösungFormen 3	SON	00:53:00	28.06.2026 00:01:00	3a Parte. Os preparativos para a dissolução de todas as formas condensadas e o retorno do Cristo de Deus	3a Parte: O retorno dos filhos de Deus – de volta para a unidade de toda a vida e para o amor eterno		False	False	False	False	False	False	False	PT_Aufloesung.jpg
728	14082	Zuversicht 2	MED	00:10:00	28.06.2026 00:58:30	Confiança: Um Ganho de Vida	Confiança: Um Ganho de Vida		False	False	False	False	False	False	False	Löwenzahn.jpg
730	33781	ChristusInUns	MED	00:37:30	28.06.2026 01:09:30	Meditação de Oração. Nós nos voltamos para Cristo em nós	Meditação de Oração. Nós nos voltamos para Cristo em nós		False	False	False	False	False	False	False	PT_CH92_ChristusInUns.jpg
734	35373	BotschaftAusDemAll 06 Webstuhl	LES	00:26:30	28.06.2026 01:51:30	O Reino Eterno: "A  Alma como um Tear - Você Tece os Seus Sentimentos, Pensamentos, Palavras e Atos Nele" Uma leitura de uma revelação do Cristo de Deus dada através de Gabriele, a profetisa e emissária do Reino Eterno, no dia 5 de agosto de 1988 em Würzburg, Alemanha	Uma leitura de uma revelação do Cristo de Deus dada através de Gabriele, a profetisa e emissária do Reino Eterno		False	False	False	False	False	False	False	ZellOFFBd.jpg
737	42230	FGE VS Les 11 Vaterworte	FGE	00:07:00	28.06.2026 02:24:30	Nós somos as Comunidades Livres - Una e seja (11)	 Palavras do Pai para você também		False	False	False	False	False	False	False	PT_FGE-VS.jpg
740	27921	InnererWeg 18	GR-IW	00:26:30	28.06.2026 02:36:00	O Caminho Interior à Consciência Cósmica. Nivel Básico da Ordem. Parte 18	O Caminho Interior à Consciência Cósmica. Nivel Básico da Ordem. Parte 18		False	False	False	False	False	False	False	IW_PT.jpg
742	35454	SchuleLeben 08	DWS	00:29:30	28.06.2026 03:05:30	Felicidade e saúde estão nas tuas mãos	A Verdadeira Escola é a Vida. Horas de Ensino a partir da sabedoria Divina		False	False	False	False	False	False	False	DieWahreSchule.jpg
747	39327	Herzensgebete	MED	00:13:00	28.06.2026 03:38:00	Meditação de Oração	Orações de coração são nutrimento para a alma		False	False	False	False	False	False	False	PT_Herzensgebete.jpg
753	41960	Lilienzeitalter1 4Entwicklungseb. Teil 1 WEB	LES	00:55:30	28.06.2026 03:58:00	A Idade do Lírio, Sofia, a Sabedoria de Deus. Os Quatro planos de Desenvolvimento, o Berço da Evolução para a Filiação de Deus. Parte 1	A Idade do Lírio, Sofia, a Sabedoria de Deus. Os Quatro planos de Desenvolvimento, o Berço da Evolução para a Filiação de Deus. Parte 1		False	False	False	False	False	False	False	DuSollstNichtToeten.jpg
757	33894	Bergpredigt 03	LES	00:28:00	28.06.2026 04:55:30	O Sermão da Montanha de Jesus de Nazaré. Parte 3	O Sermão da Montanha de Jesus de Nazaré. Parte 3		False	False	False	False	False	False	False	Berg_PT-00.jpg
759	47460	GemeindeSlo Mai2026	SON	01:22:00	28.06.2026 05:26:30	Minhas Ovelhas Conhecem a Minha Voz	Encontro de todos os buscadores de Deus no Centro de Reunião na Eslovênia, conectados a Comunidade Central do Senhor para a edificação do Reino da Paz do Cristo de Deus em maio de 2026, o 3º ano da Era Messiânica e Sofiânica		False	False	False	False	False	False	False	PT_GemeindeSlowenia.jpg
764	28553	Gemeinschaften 06	FGE	00:28:30	28.06.2026 06:51:30	As Comunidades Livres Sob o Signo do Lírio. Tema: O amor de Deus para com os seres humnanos e para com toda criatura	As Comunidades Livres Sob o Signo do Lírio. Tema: O amor de Deus para com os seres humnanos e para com toda criatura		False	False	False	False	False	False	False	Lilie.jpg
766	30825	InnereAndacht 19	MED	01:00:00	28.06.2026 07:22:30	Devocional Interior, 19ª Parte 	Experimente a Proximidade de Deus no Silêncio Interior		False	False	False	False	False	False	False	PT_InnereAndacht19_bearb.jpg
769	38715	SterbenLeben 01	LES	00:18:00	28.06.2026 08:31:00	Agora chega! Cada um morre por si só - como? 	O viver e morrer para continuar a viver. Parte 1 		False	False	False	False	False	False	False	DuLebstNichtEin.jpg
771	38716	SterbenLeben 02	LES	00:22:30	28.06.2026 08:51:00	Parte 2 Agora chega! Cada um morre por si só - como? 	O viver e morrer para continuar a viver. Parte 2 		False	False	False	False	False	False	False	DuLebstNichtEin.jpg
773	34738	Selbsterforschtes 01	MED	00:05:00	28.06.2026 09:16:00	"Auto-analisado e Experimentado" de Gabriele. Parte 1	"Auto-analisado e Experimentado" de Gabriele. Parte 1		False	False	False	False	False	False	False	ErlebeDieEinheit.jpg
774	27921	InnererWeg 18	GR-IW	00:26:30	28.06.2026 09:21:00	O Caminho Interior à Consciência Cósmica. Nivel Básico da Ordem. Parte 18	O Caminho Interior à Consciência Cósmica. Nivel Básico da Ordem. Parte 18		False	False	False	False	False	False	False	IW_PT.jpg
779	23430	DasIstMeinWort 05	LES	00:28:30	28.06.2026 09:50:30	Esta é a Minha Palavra, A e Ω. Capítulo 21: "Jesus repreende a crueldade contra um cavalo"	Esta é a Minha Palavra, A e Ω. Capítulo 21: "Jesus repreende a crueldade contra um cavalo"		False	False	False	False	False	False	False	PT_DasIStMeinWort2.jpg
783	45344	Christus Okt25	OFF	00:32:00	28.06.2026 10:25:30	O Cristo de Deus se revelou na Comunidade Central do Senhor para a edificação do Reino da Paz do Cristo de Deus	Em 3 de outubro de 2025, ano 2 da Era Messiânica e Sofiânica		False	False	False	False	False	False	False	ChristusAbbildZelt.jpg
786	36075	MachtDerLiebe	LES	01:12:00	28.06.2026 11:03:30	Eu Oro ao Poder de Amor	"Eu Oro ao Poder de Amor", a leitura de uma revelação de Cristo a partir do Reino Eterno através da profetisa e enviada do Reino Eterno, Gabriele, dado em setembro de 2021		False	False	False	False	False	False	False	GPH_00.jpg
791	41009	Zelt GottHeilt 03 WEB	LES-ZELT	00:24:30	28.06.2026 12:18:00	Uma leitura do livro "Deus Cura" de Gabriele. Parte 3. Desde o Arco da Aliança do Espírito Livre, desde a Tenda de Deus, a palavra eterna vem diretamente a nós	Uma leitura do livro "Deus Cura" de Gabriele. Parte 3. Desde o Arco da Aliança do Espírito Livre, desde a Tenda de Deus, a palavra eterna vem diretamente a nós		False	False	False	False	False	False	False	GottHeilt.jpg
793	41010	Zelt GottHeilt 04 WEB	LES-ZELT	00:24:30	28.06.2026 12:46:00	Uma leitura do livro "Deus Cura" de Gabriele. Parte 4. Desde o Arco da Aliança do Espírito Livre, desde a Tenda de Deus, a palavra eterna vem diretamente a nós	Uma leitura do livro "Deus Cura" de Gabriele. Parte 4. Desde o Arco da Aliança do Espírito Livre, desde a Tenda de Deus, a palavra eterna vem diretamente a nós		False	False	False	False	False	False	False	GottHeilt.jpg
796	40167	SoWieIhrGebt Neu	MED	00:32:00	28.06.2026 13:14:00	Meditação de Oração. Tal como vós dais, assim vos será dado	Meditação de Oração. Tal como vós dais, assim vos será dado		False	False	False	False	False	False	False	Wassertropf.jpg
799	42232	FGE VS Les 13 LebeAugenblick	FGE	00:07:00	28.06.2026 13:50:30	Nós somos as Comunidades Livres - Una e seja (13)	Viva o Instante – e você se vê e se reconhece		False	False	False	False	False	False	False	PT_FGE-VS.jpg
805	27921	InnererWeg 18	GR-IW	00:26:30	28.06.2026 14:01:30	O Caminho Interior à Consciência Cósmica. Nivel Básico da Ordem. Parte 18	O Caminho Interior à Consciência Cósmica. Nivel Básico da Ordem. Parte 18		False	False	False	False	False	False	False	IW_PT.jpg
808	47460	GemeindeSlo Mai2026	SON	01:22:00	28.06.2026 14:32:00	Minhas Ovelhas Conhecem a Minha Voz	Encontro de todos os buscadores de Deus no Centro de Reunião na Eslovênia, conectados a Comunidade Central do Senhor para a edificação do Reino da Paz do Cristo de Deus em maio de 2026, o 3º ano da Era Messiânica e Sofiânica		False	False	False	False	False	False	False	PT_GemeindeSlowenia.jpg
811	14019	Vater Unser	MED	00:30:30	28.06.2026 15:59:30	Meditacão: O Pai nosso 	Meditacão: O Pai nosso 		False	False	False	False	False	False	False	Vaterworte.jpg
815	33445	BotschaftAusDemAll 02 GolgathaOpfer	LES	01:04:30	28.06.2026 16:36:30	O Reino Eterno. O Profundo Significado do Sacrifício no Calvário	O Reino Eterno. O Profundo Significado do Sacrifício no Calvário		False	False	False	False	False	False	False	KreuzZeltMitGoldenePalmen.jpg
816	27222	RufGabriele 6 DerRuf	SON	00:13:00	28.06.2026 17:41:00	A Chamada de Gabriele 06 - A Chamada do Cristo de Deus	A Chamada de Gabriele 06 - A Chamada do Cristo de Deus		False	False	False	False	False	False	False	Ruf-6.jpg
821	43521	AuflösungFormen 1	SON	00:55:00	28.06.2026 17:59:00	Os preparativos para a dissolução de todas as formas condensadas e o retorno do Cristo de Deus. Parte 1	1a. Parte: Convulsões cósmicas de magnitudes inimagináveis que virão sobre a humanidade. 		False	False	False	False	False	False	False	PT_Aufloesung.jpg
825	34120	Bergpredigt 07	LES	00:27:00	28.06.2026 18:59:00	O Sermão da Montanha de Jesus de Nazaré. Parte 7	O Sermão da Montanha de Jesus de Nazaré. Parte 7		False	False	False	False	False	False	False	Berg_PT-00.jpg
832	40683	SaatUndErnte3 2KiZ	LIOS	00:14:00	28.06.2026 19:32:30	Liobani: Qual o significado da lei de semente e colheita?	Liobani: Qual o significado da lei de semente e colheita? A escola a para Nova Jerusalém para um tempo diferente no signo do Cristo de Deus, do amor a Deus e ao próximo		False	False	False	False	False	False	False	EntschprecungJPG.jpg
834	40621	Brottrunk	DOK	00:23:30	28.06.2026 19:47:00	A nova agricultura para a nova era	Fermentado de pão - fortalecimento natural para o solo		False	False	False	False	False	False	False	Brot.jpg
837	44383	Nachruhm	LES	00:24:30	28.06.2026 20:16:00	Leitura do: "Memória Pósthuma" de Manfred Kyber	Leitura do: "Memória Pósthuma" de Manfred Kyber		False	False	False	False	False	False	False	PT_Nachrum.jpg
840	27921	InnererWeg 18	GR-IW	00:26:30	28.06.2026 20:44:30	O Caminho Interior à Consciência Cósmica. Nivel Básico da Ordem. Parte 18	O Caminho Interior à Consciência Cósmica. Nivel Básico da Ordem. Parte 18		False	False	False	False	False	False	False	IW_PT.jpg
843	29045	Sternstunden 07	MED	00:41:30	28.06.2026 21:18:00	Horas estelares com Gabriele. Caminhar ao Interior - À Fonte do Eterno Amor e Força	Horas estelares com Gabriele. Caminhar ao Interior - À Fonte do Eterno Amor e Força		False	False	False	False	False	False	False	Sternstunden-08.jpg
849	35322	SchuleLeben 04	DWS	00:20:30	28.06.2026 22:04:30	A Verdadeira Escola é a Vida. Horas de Ensino a partir da sabedoria Divina:	A Verdadeira Escola é a Vida. Horas de Ensino a partir da sabedoria Divina: "Cada pessoa forja o seu destino"		False	False	False	False	False	False	False	DWS.jpg
851	45345	Christus Nov25	OFF	00:22:30	28.06.2026 22:25:30	Revela-Se o Cristo de Deus durante o Encontro da Comunidade Central do Senhor para a Vinda do Cristo de Deus	No dia 8 de nevombro, ano 2 da Era Messiânica e Sofiânica		False	False	False	False	False	False	False	ChristusAbbildUndTische.jpg
853	14085	JederAtemzug	MED	00:30:00	28.06.2026 22:52:30	Meditacão: Cada respiração é a presença de Deus	Meditacão: Cada respiração é a presença de Deus		False	False	False	False	False	False	False	JederAtemzug.jpg
854	29960	Klassik Seele 52B_33	KONZ1	00:32:30	28.06.2026 23:22:30	Classics for the Soul. Santec Music Orchestra	Valse brillante Nr. 1 von F. Chopin, Allegro moderato aus Argeggione-Sonata von F. Schubert, Streicherserenade in E-Dur von A. Dvorak,  Larghetto aus Klavierkonzert Nr. 1 von F. Chopin, Moment musical Nr. 3 von F. Schubert  (Jul. 2016)		False	False	False	False	False	False	False	KlassikSeele.jpg